Batch,Disease,Classifier,Feature,F1_MACRO,F1_MICRO,Total Run (secs)
CML_tfidf_results_2023-04-13-18-33-49,Asthma,SVM,All,0.609237775127399,0.9198113207547168,0.055384874343872
CML_tfidf_results_2023-04-13-18-33-49,Asthma,KNN n=1,All,0.5623043623043623,0.8537735849056604,0.0114672183990478
CML_tfidf_results_2023-04-13-18-33-49,Asthma,KNN n=5,All,0.5623043623043623,0.8537735849056604,0.010972261428833
CML_tfidf_results_2023-04-13-18-33-49,Asthma,Naive Bayes,All,0.6466666666666667,0.9245283018867924,0.0054991245269775
CML_tfidf_results_2023-04-13-18-33-49,Asthma,Random Forest,All,0.6466666666666667,0.9245283018867924,2.335845232009888
CML_tfidf_results_2023-04-13-18-33-49,Asthma,SVM,ExtraTreeClassifier,0.6002514142049027,0.8726415094339622,0.017960786819458
CML_tfidf_results_2023-04-13-18-33-49,Asthma,KNN n=1,ExtraTreeClassifier,0.605169591963429,0.8443396226415094,0.0089766979217529
CML_tfidf_results_2023-04-13-18-33-49,Asthma,KNN n=5,ExtraTreeClassifier,0.605169591963429,0.8443396226415094,0.0079782009124755
CML_tfidf_results_2023-04-13-18-33-49,Asthma,Naive Bayes,ExtraTreeClassifier,0.4953623902158746,0.8632075471698113,0.0009975433349609
CML_tfidf_results_2023-04-13-18-33-49,Asthma,Random Forest,ExtraTreeClassifier,0.5750286368843069,0.8679245283018869,0.8570494651794434
CML_tfidf_results_2023-04-13-18-33-49,Asthma,SVM,SelectKBest,0.8923311325545962,0.9433962264150944,0.0344243049621582
CML_tfidf_results_2023-04-13-18-33-49,Asthma,KNN n=1,SelectKBest,0.6372192513368984,0.8490566037735849,0.0119898319244384
CML_tfidf_results_2023-04-13-18-33-49,Asthma,KNN n=5,SelectKBest,0.6372192513368984,0.8490566037735849,0.0129652023315429
CML_tfidf_results_2023-04-13-18-33-49,Asthma,Naive Bayes,SelectKBest,0.5004776157422148,0.8254716981132075,0.0044944286346435
CML_tfidf_results_2023-04-13-18-33-49,Asthma,Random Forest,SelectKBest,0.8110853680270896,0.9056603773584906,0.86016845703125
CML_tfidf_results_2023-04-13-18-33-49,Asthma,SVM,InfoGainAttributeVal,0.8885223959080262,0.9481132075471698,0.035416841506958
CML_tfidf_results_2023-04-13-18-33-49,Asthma,KNN n=1,InfoGainAttributeVal,0.6768122798717342,0.8632075471698113,0.0109705924987792
CML_tfidf_results_2023-04-13-18-33-49,Asthma,KNN n=5,InfoGainAttributeVal,0.6768122798717342,0.8632075471698113,0.0109777450561523
CML_tfidf_results_2023-04-13-18-33-49,Asthma,Naive Bayes,InfoGainAttributeVal,0.5953095173166076,0.8679245283018869,0.0045001506805419
CML_tfidf_results_2023-04-13-18-33-49,Asthma,Random Forest,InfoGainAttributeVal,0.8479850853291266,0.929245283018868,0.8476009368896484
CML_tfidf_results_2023-04-13-18-56-44,Asthma,SVM,All,0.609237775127399,0.9198113207547168,0.0982501506805419
CML_tfidf_results_2023-04-13-18-56-44,Asthma,KNN n=1,All,0.5623043623043623,0.8537735849056604,0.0139684677124023
CML_tfidf_results_2023-04-13-18-56-44,Asthma,KNN n=5,All,0.5623043623043623,0.8537735849056604,0.0114791393280029
CML_tfidf_results_2023-04-13-18-56-44,Asthma,Naive Bayes,All,0.6466666666666667,0.9245283018867924,0.0059843063354492
CML_tfidf_results_2023-04-13-18-56-44,Asthma,Random Forest,All,0.6466666666666667,0.9245283018867924,2.2926762104034424
CML_tfidf_results_2023-04-13-18-56-44,CHF,SVM,All,0.7242442127352613,0.8000000000000002,0.0374107360839843
CML_tfidf_results_2023-04-13-18-56-44,CHF,KNN n=1,All,0.6089352720450282,0.6827586206896552,0.0069806575775146
CML_tfidf_results_2023-04-13-18-56-44,CHF,KNN n=5,All,0.6089352720450282,0.6827586206896552,0.005983829498291
CML_tfidf_results_2023-04-13-18-56-44,CHF,Naive Bayes,All,0.6120689655172413,0.7517241379310344,0.0029928684234619
CML_tfidf_results_2023-04-13-18-56-44,CHF,Random Forest,All,0.8396484488679355,0.8689655172413793,1.5610389709472656
CML_tfidf_results_2023-04-13-18-56-44,Depression,SVM,All,0.4546211057367244,0.7710280373831775,0.0718076229095459
CML_tfidf_results_2023-04-13-18-56-44,Depression,KNN n=1,All,0.5882870838360452,0.7242990654205608,0.0109720230102539
CML_tfidf_results_2023-04-13-18-56-44,Depression,KNN n=5,All,0.5882870838360452,0.7242990654205608,0.0104854106903076
CML_tfidf_results_2023-04-13-18-56-44,Depression,Naive Bayes,All,0.5124849242864162,0.7616822429906541,0.0039901733398437
CML_tfidf_results_2023-04-13-18-56-44,Depression,Random Forest,All,0.4746317512274959,0.7757009345794392,2.5509846210479736
CML_tfidf_results_2023-04-13-18-56-44,Diabetes,SVM,All,0.721379477397281,0.7990654205607477,0.0812945365905761
CML_tfidf_results_2023-04-13-18-56-44,Diabetes,KNN n=1,All,0.6443392425463335,0.6915887850467289,0.0109705924987792
CML_tfidf_results_2023-04-13-18-56-44,Diabetes,KNN n=5,All,0.6443392425463335,0.6915887850467289,0.0099732875823974
CML_tfidf_results_2023-04-13-18-56-44,Diabetes,Naive Bayes,All,0.609890292002254,0.7429906542056075,0.0039889812469482
CML_tfidf_results_2023-04-13-18-56-44,Diabetes,Random Forest,All,0.8813465346534654,0.9018691588785048,2.1943883895874023
CML_tfidf_results_2023-04-13-18-56-44,Gallstones,SVM,All,0.4594594594594594,0.85,0.0733153820037841
CML_tfidf_results_2023-04-13-18-56-44,Gallstones,KNN n=1,All,0.5480946309675592,0.7363636363636363,0.0109703540802001
CML_tfidf_results_2023-04-13-18-56-44,Gallstones,KNN n=5,All,0.5480946309675592,0.7363636363636363,0.0099732875823974
CML_tfidf_results_2023-04-13-18-56-44,Gallstones,Naive Bayes,All,0.4594594594594594,0.85,0.0049891471862792
CML_tfidf_results_2023-04-13-18-56-44,Gallstones,Random Forest,All,0.4594594594594594,0.85,2.7440013885498047
CML_tfidf_results_2023-04-13-18-56-44,Gout,SVM,All,0.462287104622871,0.8597285067873304,0.0573635101318359
CML_tfidf_results_2023-04-13-18-56-44,Gout,KNN n=1,All,0.6365985435752878,0.8416289592760181,0.0129644870758056
CML_tfidf_results_2023-04-13-18-56-44,Gout,KNN n=5,All,0.6365985435752878,0.8416289592760181,0.0109705924987792
CML_tfidf_results_2023-04-13-18-56-44,Gout,Naive Bayes,All,0.4946646341463414,0.8642533936651583,0.0059869289398193
CML_tfidf_results_2023-04-13-18-56-44,Gout,Random Forest,All,0.462287104622871,0.8597285067873304,2.414833307266236
CML_tfidf_results_2023-04-13-18-56-44,Hypercholesterolemia,SVM,All,0.7334326337169939,0.7357512953367874,0.0792996883392334
CML_tfidf_results_2023-04-13-18-56-44,Hypercholesterolemia,KNN n=1,All,0.5885083528999001,0.5906735751295337,0.0089755058288574
CML_tfidf_results_2023-04-13-18-56-44,Hypercholesterolemia,KNN n=5,All,0.5885083528999001,0.5906735751295337,0.0089759826660156
CML_tfidf_results_2023-04-13-18-56-44,Hypercholesterolemia,Naive Bayes,All,0.678747852233677,0.6787564766839378,0.0039920806884765
CML_tfidf_results_2023-04-13-18-56-44,Hypercholesterolemia,Random Forest,All,0.8440530058177117,0.8445595854922279,2.3171072006225586
CML_tfidf_results_2023-04-13-18-56-44,Hypertriglyceridemia,SVM,All,0.4893617021276595,0.9583333333333334,0.0423963069915771
CML_tfidf_results_2023-04-13-18-56-44,Hypertriglyceridemia,KNN n=1,All,0.5245046923879041,0.9120370370370372,0.010970115661621
CML_tfidf_results_2023-04-13-18-56-44,Hypertriglyceridemia,KNN n=5,All,0.5245046923879041,0.9120370370370372,0.0099730491638183
CML_tfidf_results_2023-04-13-18-56-44,Hypertriglyceridemia,Naive Bayes,All,0.4893617021276595,0.9583333333333334,0.0039894580841064
CML_tfidf_results_2023-04-13-18-56-44,Hypertriglyceridemia,Random Forest,All,0.4893617021276595,0.9583333333333334,2.137543201446533
CML_tfidf_results_2023-04-13-18-56-44,OA,SVM,All,0.5081289611463212,0.8380952380952381,0.062345266342163
CML_tfidf_results_2023-04-13-18-56-44,OA,KNN n=1,All,0.5308772859793268,0.719047619047619,0.0099730491638183
CML_tfidf_results_2023-04-13-18-56-44,OA,KNN n=5,All,0.5308772859793268,0.719047619047619,0.0099732875823974
CML_tfidf_results_2023-04-13-18-56-44,OA,Naive Bayes,All,0.4813351210218051,0.8333333333333334,0.00498628616333
CML_tfidf_results_2023-04-13-18-56-44,OA,Random Forest,All,0.4835069444444445,0.8380952380952381,2.730517625808716
CML_tfidf_results_2023-04-13-18-56-44,OSA,SVM,All,0.54242771449754,0.8584474885844748,0.0538558959960937
CML_tfidf_results_2023-04-13-18-56-44,OSA,KNN n=1,All,0.5824369536280893,0.7579908675799086,0.0099730491638183
CML_tfidf_results_2023-04-13-18-56-44,OSA,KNN n=5,All,0.5824369536280893,0.7579908675799086,0.0109705924987792
CML_tfidf_results_2023-04-13-18-56-44,OSA,Naive Bayes,All,0.6490384615384615,0.863013698630137,0.0039896965026855
CML_tfidf_results_2023-04-13-18-56-44,OSA,Random Forest,All,0.6148241206030151,0.8721461187214612,2.2662010192871094
CML_tfidf_results_2023-04-13-18-56-44,Obesity,SVM,All,0.7238562091503268,0.75,0.0817830562591552
CML_tfidf_results_2023-04-13-18-56-44,Obesity,KNN n=1,All,0.5647321428571428,0.5673076923076923,0.0099730491638183
CML_tfidf_results_2023-04-13-18-56-44,Obesity,KNN n=5,All,0.5647321428571428,0.5673076923076923,0.0099737644195556
CML_tfidf_results_2023-04-13-18-56-44,Obesity,Naive Bayes,All,0.5407066052227343,0.5576923076923077,0.0039896965026855
CML_tfidf_results_2023-04-13-18-56-44,Obesity,Random Forest,All,0.9415292353823088,0.9423076923076924,2.579423189163208
CML_tfidf_results_2023-04-13-18-56-44,CAD,SVM,All,0.8056860442356625,0.8181818181818182,0.0792994499206543
CML_tfidf_results_2023-04-13-18-56-44,CAD,KNN n=1,All,0.6731625165403585,0.6889952153110048,0.0099730491638183
CML_tfidf_results_2023-04-13-18-56-44,CAD,KNN n=5,All,0.6731625165403585,0.6889952153110048,0.009974718093872
CML_tfidf_results_2023-04-13-18-56-44,CAD,Naive Bayes,All,0.7681359417701654,0.8038277511961722,0.0039899349212646
CML_tfidf_results_2023-04-13-18-56-44,CAD,Random Forest,All,0.9376119402985076,0.9425837320574164,2.3086016178131104
CML_tfidf_results_2023-04-13-18-56-44,Hypertension,SVM,All,0.4526315789473684,0.8269230769230769,0.0643396377563476
CML_tfidf_results_2023-04-13-18-56-44,Hypertension,KNN n=1,All,0.5258873331162488,0.6971153846153846,0.0109696388244628
CML_tfidf_results_2023-04-13-18-56-44,Hypertension,KNN n=5,All,0.5258873331162488,0.6971153846153846,0.0089759826660156
CML_tfidf_results_2023-04-13-18-56-44,Hypertension,Naive Bayes,All,0.4526315789473684,0.8269230769230769,0.0049872398376464
CML_tfidf_results_2023-04-13-18-56-44,Hypertension,Random Forest,All,0.6027501909854851,0.8557692307692307,2.325112581253052
CML_tfidf_results_2023-04-13-18-56-44,PVD,SVM,All,0.556989247311828,0.8446601941747571,0.0503766536712646
CML_tfidf_results_2023-04-13-18-56-44,PVD,KNN n=1,All,0.4928030303030303,0.7475728155339806,0.0109705924987792
CML_tfidf_results_2023-04-13-18-56-44,PVD,KNN n=5,All,0.4928030303030303,0.7475728155339806,0.0099732875823974
CML_tfidf_results_2023-04-13-18-56-44,PVD,Naive Bayes,All,0.4803603603603604,0.8300970873786409,0.0039901733398437
CML_tfidf_results_2023-04-13-18-56-44,PVD,Random Forest,All,0.556989247311828,0.8446601941747571,2.186418294906616
CML_tfidf_results_2023-04-13-18-56-44,Venous Insufficiency,SVM,All,0.4752747252747252,0.9057591623036648,0.0329134464263916
CML_tfidf_results_2023-04-13-18-56-44,Venous Insufficiency,KNN n=1,All,0.5815336463223788,0.8900523560209426,0.0079784393310546
CML_tfidf_results_2023-04-13-18-56-44,Venous Insufficiency,KNN n=5,All,0.5815336463223788,0.8900523560209426,0.0089759826660156
CML_tfidf_results_2023-04-13-18-56-44,Venous Insufficiency,Naive Bayes,All,0.4752747252747252,0.9057591623036648,0.0039904117584228
CML_tfidf_results_2023-04-13-18-56-44,Venous Insufficiency,Random Forest,All,0.4752747252747252,0.9057591623036648,1.7993972301483154
CML_tfidf_results_2023-04-13-18-56-44,GERD,SVM,All,0.4325153374233129,0.7621621621621621,0.0658257007598877
CML_tfidf_results_2023-04-13-18-56-44,GERD,KNN n=1,All,0.5293709528214616,0.6432432432432432,0.0084874629974365
CML_tfidf_results_2023-04-13-18-56-44,GERD,KNN n=5,All,0.5293709528214616,0.6432432432432432,0.0089759826660156
CML_tfidf_results_2023-04-13-18-56-44,GERD,Naive Bayes,All,0.5156053623795559,0.7297297297297297,0.0039899349212646
CML_tfidf_results_2023-04-13-18-56-44,GERD,Random Forest,All,0.4325153374233129,0.7621621621621621,2.4367806911468506
CML_tfidf_results_2023-04-13-18-56-44,Asthma,SVM,ExtraTreeClassifier,0.9238718429557516,0.9575471698113208,0.0139627456665039
CML_tfidf_results_2023-04-13-18-56-44,Asthma,KNN n=1,ExtraTreeClassifier,0.6858358430135283,0.8537735849056604,0.0079786777496337
CML_tfidf_results_2023-04-13-18-56-44,Asthma,KNN n=5,ExtraTreeClassifier,0.6858358430135283,0.8537735849056604,0.0079796314239501
CML_tfidf_results_2023-04-13-18-56-44,Asthma,Naive Bayes,ExtraTreeClassifier,0.5470914972837698,0.8349056603773584,0.0019948482513427
CML_tfidf_results_2023-04-13-18-56-44,Asthma,Random Forest,ExtraTreeClassifier,0.9144471347861178,0.9528301886792452,0.7555608749389648
CML_tfidf_results_2023-04-13-18-56-44,CHF,SVM,ExtraTreeClassifier,0.7820017182130584,0.8068965517241379,0.0139627456665039
CML_tfidf_results_2023-04-13-18-56-44,CHF,KNN n=1,ExtraTreeClassifier,0.6640926640926641,0.6896551724137931,0.0049860477447509
CML_tfidf_results_2023-04-13-18-56-44,CHF,KNN n=5,ExtraTreeClassifier,0.6640926640926641,0.6896551724137931,0.0049865245819091
CML_tfidf_results_2023-04-13-18-56-44,CHF,Naive Bayes,ExtraTreeClassifier,0.490995115995116,0.6827586206896552,0.0019950866699218
CML_tfidf_results_2023-04-13-18-56-44,CHF,Random Forest,ExtraTreeClassifier,0.7573549257759784,0.7862068965517242,0.7281458377838135
CML_tfidf_results_2023-04-13-18-56-44,Depression,SVM,ExtraTreeClassifier,0.7115025005435964,0.8551401869158879,0.0309174060821533
CML_tfidf_results_2023-04-13-18-56-44,Depression,KNN n=1,ExtraTreeClassifier,0.5541666666666667,0.7289719626168223,0.0079784393310546
CML_tfidf_results_2023-04-13-18-56-44,Depression,KNN n=5,ExtraTreeClassifier,0.5541666666666667,0.7289719626168223,0.0089759826660156
CML_tfidf_results_2023-04-13-18-56-44,Depression,Naive Bayes,ExtraTreeClassifier,0.5585408805031447,0.808411214953271,0.0019946098327636
CML_tfidf_results_2023-04-13-18-56-44,Depression,Random Forest,ExtraTreeClassifier,0.6928897586431833,0.8457943925233644,0.966543674468994
CML_tfidf_results_2023-04-13-18-56-44,Diabetes,SVM,ExtraTreeClassifier,0.7750154607297464,0.8411214953271028,0.0404047966003418
CML_tfidf_results_2023-04-13-18-56-44,Diabetes,KNN n=1,ExtraTreeClassifier,0.6734855334538878,0.7476635514018691,0.0089759826660156
CML_tfidf_results_2023-04-13-18-56-44,Diabetes,KNN n=5,ExtraTreeClassifier,0.6734855334538878,0.7476635514018691,0.0089757442474365
CML_tfidf_results_2023-04-13-18-56-44,Diabetes,Naive Bayes,ExtraTreeClassifier,0.4508679245283019,0.7616822429906541,0.0029928684234619
CML_tfidf_results_2023-04-13-18-56-44,Diabetes,Random Forest,ExtraTreeClassifier,0.8273935772964898,0.8738317757009346,1.032364845275879
CML_tfidf_results_2023-04-13-18-56-44,Gallstones,SVM,ExtraTreeClassifier,0.4458438287153652,0.8045454545454547,0.0294280052185058
CML_tfidf_results_2023-04-13-18-56-44,Gallstones,KNN n=1,ExtraTreeClassifier,0.4720222306429203,0.740909090909091,0.0089759826660156
CML_tfidf_results_2023-04-13-18-56-44,Gallstones,KNN n=5,ExtraTreeClassifier,0.4720222306429203,0.740909090909091,0.0079784393310546
CML_tfidf_results_2023-04-13-18-56-44,Gallstones,Naive Bayes,ExtraTreeClassifier,0.4458438287153652,0.8045454545454547,0.0019943714141845
CML_tfidf_results_2023-04-13-18-56-44,Gallstones,Random Forest,ExtraTreeClassifier,0.4472361809045226,0.8090909090909091,0.9585094451904296
CML_tfidf_results_2023-04-13-18-56-44,Gout,SVM,ExtraTreeClassifier,0.8172043010752688,0.9411764705882352,0.0229384899139404
CML_tfidf_results_2023-04-13-18-56-44,Gout,KNN n=1,ExtraTreeClassifier,0.6907360761265043,0.8868778280542986,0.0089759826660156
CML_tfidf_results_2023-04-13-18-56-44,Gout,KNN n=5,ExtraTreeClassifier,0.6907360761265043,0.8868778280542986,0.0079784393310546
CML_tfidf_results_2023-04-13-18-56-44,Gout,Naive Bayes,ExtraTreeClassifier,0.713235294117647,0.918552036199095,0.0009975433349609
CML_tfidf_results_2023-04-13-18-56-44,Gout,Random Forest,ExtraTreeClassifier,0.8421428571428571,0.9457013574660632,0.8019108772277832
CML_tfidf_results_2023-04-13-18-56-44,Hypercholesterolemia,SVM,ExtraTreeClassifier,0.7593255259162871,0.7616580310880829,0.0388960838317871
CML_tfidf_results_2023-04-13-18-56-44,Hypercholesterolemia,KNN n=1,ExtraTreeClassifier,0.57319309600863,0.5751295336787565,0.0079784393310546
CML_tfidf_results_2023-04-13-18-56-44,Hypercholesterolemia,KNN n=5,ExtraTreeClassifier,0.57319309600863,0.5751295336787565,0.0069811344146728
CML_tfidf_results_2023-04-13-18-56-44,Hypercholesterolemia,Naive Bayes,ExtraTreeClassifier,0.716855031514888,0.7202072538860104,0.0019950866699218
CML_tfidf_results_2023-04-13-18-56-44,Hypercholesterolemia,Random Forest,ExtraTreeClassifier,0.8224567099567099,0.8238341968911919,1.016348361968994
CML_tfidf_results_2023-04-13-18-56-44,Hypertriglyceridemia,SVM,ExtraTreeClassifier,0.5714285714285715,0.9537037037037036,0.0069808959960937
CML_tfidf_results_2023-04-13-18-56-44,Hypertriglyceridemia,KNN n=1,ExtraTreeClassifier,0.6105769230769231,0.9444444444444444,0.0079779624938964
CML_tfidf_results_2023-04-13-18-56-44,Hypertriglyceridemia,KNN n=5,ExtraTreeClassifier,0.6105769230769231,0.9444444444444444,0.0084819793701171
CML_tfidf_results_2023-04-13-18-56-44,Hypertriglyceridemia,Naive Bayes,ExtraTreeClassifier,0.4869358669833729,0.949074074074074,0.00099778175354
CML_tfidf_results_2023-04-13-18-56-44,Hypertriglyceridemia,Random Forest,ExtraTreeClassifier,0.5714285714285715,0.9537037037037036,0.5894665718078613
CML_tfidf_results_2023-04-13-18-56-44,OA,SVM,ExtraTreeClassifier,0.5799199847590017,0.8000000000000002,0.0269277095794677
CML_tfidf_results_2023-04-13-18-56-44,OA,KNN n=1,ExtraTreeClassifier,0.5180538555691555,0.7142857142857143,0.0079810619354248
CML_tfidf_results_2023-04-13-18-56-44,OA,KNN n=5,ExtraTreeClassifier,0.5180538555691555,0.7142857142857143,0.0079789161682128
CML_tfidf_results_2023-04-13-18-56-44,OA,Naive Bayes,ExtraTreeClassifier,0.5141637962058506,0.7857142857142857,0.0019948482513427
CML_tfidf_results_2023-04-13-18-56-44,OA,Random Forest,ExtraTreeClassifier,0.6085164835164835,0.819047619047619,1.029311180114746
CML_tfidf_results_2023-04-13-18-56-44,OSA,SVM,ExtraTreeClassifier,0.5753309164488661,0.8949771689497716,0.0209455490112304
CML_tfidf_results_2023-04-13-18-56-44,OSA,KNN n=1,ExtraTreeClassifier,0.6576479076479076,0.8812785388127854,0.0079784393310546
CML_tfidf_results_2023-04-13-18-56-44,OSA,KNN n=5,ExtraTreeClassifier,0.6576479076479076,0.8812785388127854,0.0079786777496337
CML_tfidf_results_2023-04-13-18-56-44,OSA,Naive Bayes,ExtraTreeClassifier,0.5121549636803874,0.8949771689497716,0.0019948482513427
CML_tfidf_results_2023-04-13-18-56-44,OSA,Random Forest,ExtraTreeClassifier,0.6491864092403676,0.91324200913242,0.894167423248291
CML_tfidf_results_2023-04-13-18-56-44,Obesity,SVM,ExtraTreeClassifier,0.7743589743589744,0.7884615384615384,0.0488710403442382
CML_tfidf_results_2023-04-13-18-56-44,Obesity,KNN n=1,ExtraTreeClassifier,0.5652765626518907,0.5865384615384616,0.0089762210845947
CML_tfidf_results_2023-04-13-18-56-44,Obesity,KNN n=5,ExtraTreeClassifier,0.5652765626518907,0.5865384615384616,0.0089752674102783
CML_tfidf_results_2023-04-13-18-56-44,Obesity,Naive Bayes,ExtraTreeClassifier,0.6915265314330241,0.716346153846154,0.0029919147491455
CML_tfidf_results_2023-04-13-18-56-44,Obesity,Random Forest,ExtraTreeClassifier,0.8560210048931853,0.8605769230769231,1.1659626960754397
CML_tfidf_results_2023-04-13-18-56-44,CAD,SVM,ExtraTreeClassifier,0.8215370018975332,0.8277511961722487,0.0349066257476806
CML_tfidf_results_2023-04-13-18-56-44,CAD,KNN n=1,ExtraTreeClassifier,0.6795112781954886,0.7033492822966507,0.0099732875823974
CML_tfidf_results_2023-04-13-18-56-44,CAD,KNN n=5,ExtraTreeClassifier,0.6795112781954886,0.7033492822966507,0.0079786777496337
CML_tfidf_results_2023-04-13-18-56-44,CAD,Naive Bayes,ExtraTreeClassifier,0.6031969622733954,0.7033492822966507,0.0019946098327636
CML_tfidf_results_2023-04-13-18-56-44,CAD,Random Forest,ExtraTreeClassifier,0.8117117117117116,0.8277511961722487,1.0153491497039795
CML_tfidf_results_2023-04-13-18-56-44,Hypertension,SVM,ExtraTreeClassifier,0.4703335879806468,0.8076923076923077,0.0219414234161376
CML_tfidf_results_2023-04-13-18-56-44,Hypertension,KNN n=1,ExtraTreeClassifier,0.4748321246306742,0.7740384615384616,0.0079801082611083
CML_tfidf_results_2023-04-13-18-56-44,Hypertension,KNN n=5,ExtraTreeClassifier,0.4748321246306742,0.7740384615384616,0.0079786777496337
CML_tfidf_results_2023-04-13-18-56-44,Hypertension,Naive Bayes,ExtraTreeClassifier,0.4453333333333333,0.8028846153846153,0.0019943714141845
CML_tfidf_results_2023-04-13-18-56-44,Hypertension,Random Forest,ExtraTreeClassifier,0.8035882908404155,0.8990384615384617,0.9011657238006592
CML_tfidf_results_2023-04-13-18-56-44,PVD,SVM,ExtraTreeClassifier,0.5846774193548387,0.8543689320388349,0.0159497261047363
CML_tfidf_results_2023-04-13-18-56-44,PVD,KNN n=1,ExtraTreeClassifier,0.586677367576244,0.8058252427184465,0.0079786777496337
CML_tfidf_results_2023-04-13-18-56-44,PVD,KNN n=5,ExtraTreeClassifier,0.586677367576244,0.8058252427184465,0.0079789161682128
CML_tfidf_results_2023-04-13-18-56-44,PVD,Naive Bayes,ExtraTreeClassifier,0.482565011820331,0.8349514563106796,0.0010111331939697
CML_tfidf_results_2023-04-13-18-56-44,PVD,Random Forest,ExtraTreeClassifier,0.6494611457742484,0.8689320388349513,0.8373174667358398
CML_tfidf_results_2023-04-13-18-56-44,Venous Insufficiency,SVM,ExtraTreeClassifier,0.5176767676767676,0.8952879581151832,0.0059826374053955
CML_tfidf_results_2023-04-13-18-56-44,Venous Insufficiency,KNN n=1,ExtraTreeClassifier,0.5460242005185825,0.8848167539267016,0.0069811344146728
CML_tfidf_results_2023-04-13-18-56-44,Venous Insufficiency,KNN n=5,ExtraTreeClassifier,0.5460242005185825,0.8848167539267016,0.0079789161682128
CML_tfidf_results_2023-04-13-18-56-44,Venous Insufficiency,Naive Bayes,ExtraTreeClassifier,0.4709141274238227,0.8900523560209426,0.0019967555999755
CML_tfidf_results_2023-04-13-18-56-44,Venous Insufficiency,Random Forest,ExtraTreeClassifier,0.5142303500060554,0.8900523560209426,0.599454402923584
CML_tfidf_results_2023-04-13-18-56-44,GERD,SVM,ExtraTreeClassifier,0.6078632478632479,0.8324324324324325,0.025930643081665
CML_tfidf_results_2023-04-13-18-56-44,GERD,KNN n=1,ExtraTreeClassifier,0.5066666666666666,0.6810810810810811,0.0069811344146728
CML_tfidf_results_2023-04-13-18-56-44,GERD,KNN n=5,ExtraTreeClassifier,0.5066666666666666,0.6810810810810811,0.0079801082611083
CML_tfidf_results_2023-04-13-18-56-44,GERD,Naive Bayes,ExtraTreeClassifier,0.4925494847653643,0.8000000000000002,0.00099778175354
CML_tfidf_results_2023-04-13-18-56-44,GERD,Random Forest,ExtraTreeClassifier,0.7413978494623655,0.8594594594594595,0.9809350967407228
CML_tfidf_results_2023-04-13-18-56-44,Asthma,SVM,SelectKBest,0.8343750000000001,0.9433962264150944,0.030916690826416
CML_tfidf_results_2023-04-13-18-56-44,Asthma,KNN n=1,SelectKBest,0.5892428117492057,0.8820754716981133,0.0099761486053466
CML_tfidf_results_2023-04-13-18-56-44,Asthma,KNN n=5,SelectKBest,0.5892428117492057,0.8820754716981133,0.0114755630493164
CML_tfidf_results_2023-04-13-18-56-44,Asthma,Naive Bayes,SelectKBest,0.5411255411255411,0.8867924528301887,0.0049872398376464
CML_tfidf_results_2023-04-13-18-56-44,Asthma,Random Forest,SelectKBest,0.7976547586583038,0.9339622641509434,0.9250919818878174
CML_tfidf_results_2023-04-13-18-56-44,CHF,SVM,SelectKBest,0.7214946743495723,0.7724137931034483,0.0324189662933349
CML_tfidf_results_2023-04-13-18-56-44,CHF,KNN n=1,SelectKBest,0.6574032403240324,0.7103448275862069,0.0069808959960937
CML_tfidf_results_2023-04-13-18-56-44,CHF,KNN n=5,SelectKBest,0.6574032403240324,0.7103448275862069,0.0059840679168701
CML_tfidf_results_2023-04-13-18-56-44,CHF,Naive Bayes,SelectKBest,0.706547619047619,0.7655172413793103,0.0029933452606201
CML_tfidf_results_2023-04-13-18-56-44,CHF,Random Forest,SelectKBest,0.8356275303643725,0.8551724137931035,1.0747089385986328
CML_tfidf_results_2023-04-13-18-56-44,Depression,SVM,SelectKBest,0.6754988028731046,0.822429906542056,0.0613420009613037
CML_tfidf_results_2023-04-13-18-56-44,Depression,KNN n=1,SelectKBest,0.4625816172777499,0.7196261682242989,0.0099732875823974
CML_tfidf_results_2023-04-13-18-56-44,Depression,KNN n=5,SelectKBest,0.4625816172777499,0.7196261682242989,0.0109705924987792
CML_tfidf_results_2023-04-13-18-56-44,Depression,Naive Bayes,SelectKBest,0.5243769801863148,0.7803738317757009,0.0039899349212646
CML_tfidf_results_2023-04-13-18-56-44,Depression,Random Forest,SelectKBest,0.721387146407859,0.8457943925233644,1.3823976516723633
CML_tfidf_results_2023-04-13-18-56-44,Diabetes,SVM,SelectKBest,0.7784679089026916,0.850467289719626,0.0753047466278076
CML_tfidf_results_2023-04-13-18-56-44,Diabetes,KNN n=1,SelectKBest,0.6177067248009205,0.7242990654205608,0.0099730491638183
CML_tfidf_results_2023-04-13-18-56-44,Diabetes,KNN n=5,SelectKBest,0.6177067248009205,0.7242990654205608,0.0099732875823974
CML_tfidf_results_2023-04-13-18-56-44,Diabetes,Naive Bayes,SelectKBest,0.6464080459770115,0.7850467289719625,0.0039904117584228
CML_tfidf_results_2023-04-13-18-56-44,Diabetes,Random Forest,SelectKBest,0.9314641744548288,0.9485981308411215,1.518542766571045
CML_tfidf_results_2023-04-13-18-56-44,Gallstones,SVM,SelectKBest,0.5856273543900319,0.8818181818181818,0.0593459606170654
CML_tfidf_results_2023-04-13-18-56-44,Gallstones,KNN n=1,SelectKBest,0.4815396700706991,0.8363636363636363,0.0109705924987792
CML_tfidf_results_2023-04-13-18-56-44,Gallstones,KNN n=5,SelectKBest,0.4815396700706991,0.8363636363636363,0.010972261428833
CML_tfidf_results_2023-04-13-18-56-44,Gallstones,Naive Bayes,SelectKBest,0.4991869918699187,0.8727272727272727,0.0044958591461181
CML_tfidf_results_2023-04-13-18-56-44,Gallstones,Random Forest,SelectKBest,0.8543367909953652,0.9454545454545454,1.4013423919677734
CML_tfidf_results_2023-04-13-18-56-44,Gout,SVM,SelectKBest,0.8350746268656717,0.9457013574660632,0.0438826084136962
CML_tfidf_results_2023-04-13-18-56-44,Gout,KNN n=1,SelectKBest,0.5620426829268292,0.8823529411764706,0.0119678974151611
CML_tfidf_results_2023-04-13-18-56-44,Gout,KNN n=5,SelectKBest,0.5620426829268292,0.8823529411764706,0.0099759101867675
CML_tfidf_results_2023-04-13-18-56-44,Gout,Naive Bayes,SelectKBest,0.46875,0.8823529411764706,0.0039906501770019
CML_tfidf_results_2023-04-13-18-56-44,Gout,Random Forest,SelectKBest,0.8521379478133934,0.9502262443438914,1.082183599472046
CML_tfidf_results_2023-04-13-18-56-44,Hypercholesterolemia,SVM,SelectKBest,0.7952672378620971,0.7979274611398963,0.0698142051696777
CML_tfidf_results_2023-04-13-18-56-44,Hypercholesterolemia,KNN n=1,SelectKBest,0.6786788399570354,0.6787564766839378,0.0099732875823974
CML_tfidf_results_2023-04-13-18-56-44,Hypercholesterolemia,KNN n=5,SelectKBest,0.6786788399570354,0.6787564766839378,0.0089762210845947
CML_tfidf_results_2023-04-13-18-56-44,Hypercholesterolemia,Naive Bayes,SelectKBest,0.7712777418659772,0.7720207253886011,0.0039896965026855
CML_tfidf_results_2023-04-13-18-56-44,Hypercholesterolemia,Random Forest,SelectKBest,0.901172348740062,0.9015544041450776,1.4561991691589355
CML_tfidf_results_2023-04-13-18-56-44,Hypertriglyceridemia,SVM,SelectKBest,0.8392686297438079,0.9675925925925926,0.0184555053710937
CML_tfidf_results_2023-04-13-18-56-44,Hypertriglyceridemia,KNN n=1,SelectKBest,0.6972091245061807,0.949074074074074,0.0109703540802001
CML_tfidf_results_2023-04-13-18-56-44,Hypertriglyceridemia,KNN n=5,SelectKBest,0.6972091245061807,0.949074074074074,0.0099735260009765
CML_tfidf_results_2023-04-13-18-56-44,Hypertriglyceridemia,Naive Bayes,SelectKBest,0.4820143884892086,0.9305555555555556,0.0049872398376464
CML_tfidf_results_2023-04-13-18-56-44,Hypertriglyceridemia,Random Forest,SelectKBest,0.7378640776699029,0.9537037037037036,0.7226166725158691
CML_tfidf_results_2023-04-13-18-56-44,OA,SVM,SelectKBest,0.666618559676721,0.7904761904761904,0.0413975715637207
CML_tfidf_results_2023-04-13-18-56-44,OA,KNN n=1,SelectKBest,0.5712535728868926,0.7380952380952381,0.0109705924987792
CML_tfidf_results_2023-04-13-18-56-44,OA,KNN n=5,SelectKBest,0.5712535728868926,0.7380952380952381,0.0099740028381347
CML_tfidf_results_2023-04-13-18-56-44,OA,Naive Bayes,SelectKBest,0.5051353874883286,0.7476190476190476,0.003990888595581
CML_tfidf_results_2023-04-13-18-56-44,OA,Random Forest,SelectKBest,0.7619047619047619,0.8476190476190476,1.0517628192901611
CML_tfidf_results_2023-04-13-18-56-44,OSA,SVM,SelectKBest,0.8929618768328447,0.9452054794520548,0.0378985404968261
CML_tfidf_results_2023-04-13-18-56-44,OSA,KNN n=1,SelectKBest,0.6161855670103092,0.8447488584474886,0.0109736919403076
CML_tfidf_results_2023-04-13-18-56-44,OSA,KNN n=5,SelectKBest,0.6161855670103092,0.8447488584474886,0.0114741325378417
CML_tfidf_results_2023-04-13-18-56-44,OSA,Naive Bayes,SelectKBest,0.5913486005089058,0.8493150684931505,0.0039896965026855
CML_tfidf_results_2023-04-13-18-56-44,OSA,Random Forest,SelectKBest,0.8571552811236248,0.9315068493150684,1.0033819675445557
CML_tfidf_results_2023-04-13-18-56-44,Obesity,SVM,SelectKBest,0.8335556148306216,0.8413461538461539,0.0802915096282959
CML_tfidf_results_2023-04-13-18-56-44,Obesity,KNN n=1,SelectKBest,0.5871377530766176,0.5913461538461539,0.0109705924987792
CML_tfidf_results_2023-04-13-18-56-44,Obesity,KNN n=5,SelectKBest,0.5871377530766176,0.5913461538461539,0.0099732875823974
CML_tfidf_results_2023-04-13-18-56-44,Obesity,Naive Bayes,SelectKBest,0.6793186990676161,0.6971153846153846,0.0049870014190673
CML_tfidf_results_2023-04-13-18-56-44,Obesity,Random Forest,SelectKBest,0.9118644067796609,0.9134615384615384,1.4033405780792236
CML_tfidf_results_2023-04-13-18-56-44,CAD,SVM,SelectKBest,0.8076914002595258,0.8133971291866029,0.0643343925476074
CML_tfidf_results_2023-04-13-18-56-44,CAD,KNN n=1,SelectKBest,0.655717054263566,0.6746411483253588,0.0119678974151611
CML_tfidf_results_2023-04-13-18-56-44,CAD,KNN n=5,SelectKBest,0.655717054263566,0.6746411483253588,0.0099732875823974
CML_tfidf_results_2023-04-13-18-56-44,CAD,Naive Bayes,SelectKBest,0.8043071161048689,0.8086124401913876,0.0049872398376464
CML_tfidf_results_2023-04-13-18-56-44,CAD,Random Forest,SelectKBest,0.9158794421952317,0.9186602870813396,1.2148354053497314
CML_tfidf_results_2023-04-13-18-56-44,Hypertension,SVM,SelectKBest,0.609071544919183,0.7836538461538463,0.0473799705505371
CML_tfidf_results_2023-04-13-18-56-44,Hypertension,KNN n=1,SelectKBest,0.5317748917748918,0.75,0.0109705924987792
CML_tfidf_results_2023-04-13-18-56-44,Hypertension,KNN n=5,SelectKBest,0.5317748917748918,0.75,0.0099735260009765
CML_tfidf_results_2023-04-13-18-56-44,Hypertension,Naive Bayes,SelectKBest,0.5101362271992611,0.7548076923076922,0.0049874782562255
CML_tfidf_results_2023-04-13-18-56-44,Hypertension,Random Forest,SelectKBest,0.6491477272727273,0.8173076923076923,1.2322874069213867
CML_tfidf_results_2023-04-13-18-56-44,PVD,SVM,SelectKBest,0.7101041373487194,0.9029126213592236,0.0468747615814209
CML_tfidf_results_2023-04-13-18-56-44,PVD,KNN n=1,SelectKBest,0.7231182795698925,0.9029126213592236,0.0099732875823974
CML_tfidf_results_2023-04-13-18-56-44,PVD,KNN n=5,SelectKBest,0.7231182795698925,0.9029126213592236,0.008976936340332
CML_tfidf_results_2023-04-13-18-56-44,PVD,Naive Bayes,SelectKBest,0.4966841186736475,0.8640776699029126,0.0044946670532226
CML_tfidf_results_2023-04-13-18-56-44,PVD,Random Forest,SelectKBest,0.8218873517786562,0.9320388349514565,1.1265597343444824
CML_tfidf_results_2023-04-13-18-56-44,Venous Insufficiency,SVM,SelectKBest,0.6877384196185286,0.9528795811518324,0.0299212932586669
CML_tfidf_results_2023-04-13-18-56-44,Venous Insufficiency,KNN n=1,SelectKBest,0.5335775335775337,0.9162303664921466,0.0124726295471191
CML_tfidf_results_2023-04-13-18-56-44,Venous Insufficiency,KNN n=5,SelectKBest,0.5335775335775337,0.9162303664921466,0.0089759826660156
CML_tfidf_results_2023-04-13-18-56-44,Venous Insufficiency,Naive Bayes,SelectKBest,0.4837837837837838,0.93717277486911,0.0039896965026855
CML_tfidf_results_2023-04-13-18-56-44,Venous Insufficiency,Random Forest,SelectKBest,0.6292701863354038,0.9476439790575916,0.7660133838653564
CML_tfidf_results_2023-04-13-18-56-44,GERD,SVM,SelectKBest,0.7657771717958707,0.8594594594594595,0.0453851222991943
CML_tfidf_results_2023-04-13-18-56-44,GERD,KNN n=1,SelectKBest,0.5524915336236091,0.7837837837837838,0.0089762210845947
CML_tfidf_results_2023-04-13-18-56-44,GERD,KNN n=5,SelectKBest,0.5524915336236091,0.7837837837837838,0.0079789161682128
CML_tfidf_results_2023-04-13-18-56-44,GERD,Naive Bayes,SelectKBest,0.4605646824550174,0.7783783783783784,0.0039958953857421
CML_tfidf_results_2023-04-13-18-56-44,GERD,Random Forest,SelectKBest,0.7732843137254901,0.8702702702702703,0.966477870941162
CML_tfidf_results_2023-04-13-18-56-44,Asthma,SVM,InfoGainAttributeVal,0.91232423490488,0.9622641509433962,0.0299203395843505
CML_tfidf_results_2023-04-13-18-56-44,Asthma,KNN n=1,InfoGainAttributeVal,0.8302302302302303,0.9245283018867924,0.0099730491638183
CML_tfidf_results_2023-04-13-18-56-44,Asthma,KNN n=5,InfoGainAttributeVal,0.8302302302302303,0.9245283018867924,0.0099732875823974
CML_tfidf_results_2023-04-13-18-56-44,Asthma,Naive Bayes,InfoGainAttributeVal,0.7515625,0.9150943396226416,0.0049872398376464
CML_tfidf_results_2023-04-13-18-56-44,Asthma,Random Forest,InfoGainAttributeVal,0.8774115544341061,0.9481132075471698,0.8413081169128418
CML_tfidf_results_2023-04-13-18-56-44,CHF,SVM,InfoGainAttributeVal,0.8910008591065293,0.903448275862069,0.032419204711914
CML_tfidf_results_2023-04-13-18-56-44,CHF,KNN n=1,InfoGainAttributeVal,0.620479675231024,0.6620689655172414,0.006981611251831
CML_tfidf_results_2023-04-13-18-56-44,CHF,KNN n=5,InfoGainAttributeVal,0.620479675231024,0.6620689655172414,0.0059840679168701
CML_tfidf_results_2023-04-13-18-56-44,CHF,Naive Bayes,InfoGainAttributeVal,0.5036223230634503,0.7034482758620689,0.0029952526092529
CML_tfidf_results_2023-04-13-18-56-44,CHF,Random Forest,InfoGainAttributeVal,0.8677610579115367,0.8896551724137931,0.7315986156463623
CML_tfidf_results_2023-04-13-18-56-44,Depression,SVM,InfoGainAttributeVal,0.8432234432234432,0.9065420560747663,0.0578448772430419
CML_tfidf_results_2023-04-13-18-56-44,Depression,KNN n=1,InfoGainAttributeVal,0.6566844919786096,0.7757009345794392,0.0119683742523193
CML_tfidf_results_2023-04-13-18-56-44,Depression,KNN n=5,InfoGainAttributeVal,0.6566844919786096,0.7757009345794392,0.0114779472351074
CML_tfidf_results_2023-04-13-18-56-44,Depression,Naive Bayes,InfoGainAttributeVal,0.5307017543859649,0.8130841121495327,0.0049870014190673
CML_tfidf_results_2023-04-13-18-56-44,Depression,Random Forest,InfoGainAttributeVal,0.8745787545787547,0.9252336448598132,1.1305737495422363
CML_tfidf_results_2023-04-13-18-56-44,Diabetes,SVM,InfoGainAttributeVal,0.9180973209404046,0.9345794392523366,0.0543651580810546
CML_tfidf_results_2023-04-13-18-56-44,Diabetes,KNN n=1,InfoGainAttributeVal,0.6820882852292021,0.7383177570093457,0.0109705924987792
CML_tfidf_results_2023-04-13-18-56-44,Diabetes,KNN n=5,InfoGainAttributeVal,0.6820882852292021,0.7383177570093457,0.0099732875823974
CML_tfidf_results_2023-04-13-18-56-44,Diabetes,Naive Bayes,InfoGainAttributeVal,0.5039491758241759,0.7476635514018691,0.0049870014190673
CML_tfidf_results_2023-04-13-18-56-44,Diabetes,Random Forest,InfoGainAttributeVal,0.9209367095802428,0.9392523364485984,0.8593132495880127
CML_tfidf_results_2023-04-13-18-56-44,Gallstones,SVM,InfoGainAttributeVal,0.8236573915034926,0.9045454545454544,0.0598399639129638
CML_tfidf_results_2023-04-13-18-56-44,Gallstones,KNN n=1,InfoGainAttributeVal,0.6027287319422151,0.7545454545454545,0.0109727382659912
CML_tfidf_results_2023-04-13-18-56-44,Gallstones,KNN n=5,InfoGainAttributeVal,0.6027287319422151,0.7545454545454545,0.0099732875823974
CML_tfidf_results_2023-04-13-18-56-44,Gallstones,Naive Bayes,InfoGainAttributeVal,0.4416243654822335,0.7909090909090909,0.0039899349212646
CML_tfidf_results_2023-04-13-18-56-44,Gallstones,Random Forest,InfoGainAttributeVal,0.8537882144439521,0.9181818181818182,0.9720239639282228
CML_tfidf_results_2023-04-13-18-56-44,Gout,SVM,InfoGainAttributeVal,0.9757356170399648,0.990950226244344,0.0349063873291015
CML_tfidf_results_2023-04-13-18-56-44,Gout,KNN n=1,InfoGainAttributeVal,0.8523291332569684,0.9366515837104072,0.0139625072479248
CML_tfidf_results_2023-04-13-18-56-44,Gout,KNN n=5,InfoGainAttributeVal,0.8523291332569684,0.9366515837104072,0.010972261428833
CML_tfidf_results_2023-04-13-18-56-44,Gout,Naive Bayes,InfoGainAttributeVal,0.6187025534851622,0.9095022624434388,0.0045001506805419
CML_tfidf_results_2023-04-13-18-56-44,Gout,Random Forest,InfoGainAttributeVal,0.9514712340799296,0.9819004524886876,0.8289117813110352
CML_tfidf_results_2023-04-13-18-56-44,Hypercholesterolemia,SVM,InfoGainAttributeVal,0.8943044906900328,0.8963730569948186,0.0663325786590576
CML_tfidf_results_2023-04-13-18-56-44,Hypercholesterolemia,KNN n=1,InfoGainAttributeVal,0.6368718130504731,0.6424870466321243,0.0089755058288574
CML_tfidf_results_2023-04-13-18-56-44,Hypercholesterolemia,KNN n=5,InfoGainAttributeVal,0.6368718130504731,0.6424870466321243,0.0079786777496337
CML_tfidf_results_2023-04-13-18-56-44,Hypercholesterolemia,Naive Bayes,InfoGainAttributeVal,0.8037288135593219,0.8134715025906736,0.0049879550933837
CML_tfidf_results_2023-04-13-18-56-44,Hypercholesterolemia,Random Forest,InfoGainAttributeVal,0.908741968681334,0.911917098445596,0.890714168548584
CML_tfidf_results_2023-04-13-18-56-44,Hypertriglyceridemia,SVM,InfoGainAttributeVal,0.7933453810991815,0.9583333333333334,0.027925968170166
CML_tfidf_results_2023-04-13-18-56-44,Hypertriglyceridemia,KNN n=1,InfoGainAttributeVal,0.7966971849063061,0.949074074074074,0.0099730491638183
CML_tfidf_results_2023-04-13-18-56-44,Hypertriglyceridemia,KNN n=5,InfoGainAttributeVal,0.7966971849063061,0.949074074074074,0.0109713077545166
CML_tfidf_results_2023-04-13-18-56-44,Hypertriglyceridemia,Naive Bayes,InfoGainAttributeVal,0.5407512402551382,0.9305555555555556,0.0039899349212646
CML_tfidf_results_2023-04-13-18-56-44,Hypertriglyceridemia,Random Forest,InfoGainAttributeVal,0.642156238052759,0.9398148148148148,0.7889845371246338
CML_tfidf_results_2023-04-13-18-56-44,OA,SVM,InfoGainAttributeVal,0.7874924104432302,0.9047619047619048,0.0633714199066162
CML_tfidf_results_2023-04-13-18-56-44,OA,KNN n=1,InfoGainAttributeVal,0.696519261736653,0.8333333333333334,0.0129668712615966
CML_tfidf_results_2023-04-13-18-56-44,OA,KNN n=5,InfoGainAttributeVal,0.696519261736653,0.8333333333333334,0.0099735260009765
CML_tfidf_results_2023-04-13-18-56-44,OA,Naive Bayes,InfoGainAttributeVal,0.5302631578947368,0.8380952380952381,0.010505199432373
CML_tfidf_results_2023-04-13-18-56-44,OA,Random Forest,InfoGainAttributeVal,0.8638888888888889,0.9333333333333332,1.0812866687774658
CML_tfidf_results_2023-04-13-18-56-44,OSA,SVM,InfoGainAttributeVal,0.8980317460317461,0.9497716894977168,0.0329129695892334
CML_tfidf_results_2023-04-13-18-56-44,OSA,KNN n=1,InfoGainAttributeVal,0.7145650048875856,0.8538812785388128,0.0109708309173583
CML_tfidf_results_2023-04-13-18-56-44,OSA,KNN n=5,InfoGainAttributeVal,0.7145650048875856,0.8538812785388128,0.0099730491638183
CML_tfidf_results_2023-04-13-18-56-44,OSA,Naive Bayes,InfoGainAttributeVal,0.6408821034775234,0.867579908675799,0.0039904117584228
CML_tfidf_results_2023-04-13-18-56-44,OSA,Random Forest,InfoGainAttributeVal,0.9659937888198756,0.9817351598173516,0.8214209079742432
CML_tfidf_results_2023-04-13-18-56-44,Obesity,SVM,InfoGainAttributeVal,0.8628107559614409,0.875,0.0783019065856933
CML_tfidf_results_2023-04-13-18-56-44,Obesity,KNN n=1,InfoGainAttributeVal,0.6368197132528343,0.6586538461538461,0.0109705924987792
CML_tfidf_results_2023-04-13-18-56-44,Obesity,KNN n=5,InfoGainAttributeVal,0.6368197132528343,0.6586538461538461,0.0099732875823974
CML_tfidf_results_2023-04-13-18-56-44,Obesity,Naive Bayes,InfoGainAttributeVal,0.7815517815517815,0.8028846153846153,0.0039899349212646
CML_tfidf_results_2023-04-13-18-56-44,Obesity,Random Forest,InfoGainAttributeVal,0.9699277108433736,0.971153846153846,0.9381120204925536
CML_tfidf_results_2023-04-13-18-56-44,CAD,SVM,InfoGainAttributeVal,0.8971095013714043,0.8995215311004785,0.0513780117034912
CML_tfidf_results_2023-04-13-18-56-44,CAD,KNN n=1,InfoGainAttributeVal,0.7837844340190063,0.7942583732057417,0.0109698772430419
CML_tfidf_results_2023-04-13-18-56-44,CAD,KNN n=5,InfoGainAttributeVal,0.7837844340190063,0.7942583732057417,0.0099730491638183
CML_tfidf_results_2023-04-13-18-56-44,CAD,Naive Bayes,InfoGainAttributeVal,0.8046536796536796,0.8181818181818182,0.0039894580841064
CML_tfidf_results_2023-04-13-18-56-44,CAD,Random Forest,InfoGainAttributeVal,0.9052651668774006,0.9090909090909092,0.8523333072662354
CML_tfidf_results_2023-04-13-18-56-44,Hypertension,SVM,InfoGainAttributeVal,0.7020667075915695,0.8653846153846154,0.0468742847442626
CML_tfidf_results_2023-04-13-18-56-44,Hypertension,KNN n=1,InfoGainAttributeVal,0.6049545829892651,0.7788461538461539,0.0099749565124511
CML_tfidf_results_2023-04-13-18-56-44,Hypertension,KNN n=5,InfoGainAttributeVal,0.6049545829892651,0.7788461538461539,0.0104823112487792
CML_tfidf_results_2023-04-13-18-56-44,Hypertension,Naive Bayes,InfoGainAttributeVal,0.4808528845468159,0.8317307692307692,0.0039899349212646
CML_tfidf_results_2023-04-13-18-56-44,Hypertension,Random Forest,InfoGainAttributeVal,0.7865415628207006,0.8990384615384617,0.93212628364563
CML_tfidf_results_2023-04-13-18-56-44,PVD,SVM,InfoGainAttributeVal,0.8776431456402947,0.9514563106796116,0.0374116897583007
CML_tfidf_results_2023-04-13-18-56-44,PVD,KNN n=1,InfoGainAttributeVal,0.7073863636363636,0.8543689320388349,0.0099732875823974
CML_tfidf_results_2023-04-13-18-56-44,PVD,KNN n=5,InfoGainAttributeVal,0.7073863636363636,0.8543689320388349,0.0099735260009765
CML_tfidf_results_2023-04-13-18-56-44,PVD,Naive Bayes,InfoGainAttributeVal,0.6611842105263158,0.9029126213592236,0.0049922466278076
CML_tfidf_results_2023-04-13-18-56-44,PVD,Random Forest,InfoGainAttributeVal,0.8877384196185285,0.9563106796116504,0.8543252944946289
CML_tfidf_results_2023-04-13-18-56-44,Venous Insufficiency,SVM,InfoGainAttributeVal,0.5292156009859359,0.9109947643979056,0.0199406147003173
CML_tfidf_results_2023-04-13-18-56-44,Venous Insufficiency,KNN n=1,InfoGainAttributeVal,0.5225,0.8534031413612565,0.0099751949310302
CML_tfidf_results_2023-04-13-18-56-44,Venous Insufficiency,KNN n=5,InfoGainAttributeVal,0.5225,0.8534031413612565,0.0084881782531738
CML_tfidf_results_2023-04-13-18-56-44,Venous Insufficiency,Naive Bayes,InfoGainAttributeVal,0.4752747252747252,0.9057591623036648,0.0039911270141601
CML_tfidf_results_2023-04-13-18-56-44,Venous Insufficiency,Random Forest,InfoGainAttributeVal,0.4752747252747252,0.9057591623036648,0.7585563659667969
CML_tfidf_results_2023-04-13-18-56-44,GERD,SVM,InfoGainAttributeVal,0.7879135276776941,0.8486486486486488,0.0463900566101074
CML_tfidf_results_2023-04-13-18-56-44,GERD,KNN n=1,InfoGainAttributeVal,0.6971159900927753,0.7891891891891892,0.0089759826660156
CML_tfidf_results_2023-04-13-18-56-44,GERD,KNN n=5,InfoGainAttributeVal,0.6971159900927753,0.7891891891891892,0.0089762210845947
CML_tfidf_results_2023-04-13-18-56-44,GERD,Naive Bayes,InfoGainAttributeVal,0.5843545751633987,0.7621621621621621,0.0039896965026855
CML_tfidf_results_2023-04-13-18-56-44,GERD,Random Forest,InfoGainAttributeVal,0.7727644939403864,0.8378378378378378,0.9410967826843262
CML_tfidf_results_2023-04-14-14-29-32,Asthma,SVM,All,0.609237775127399,0.9198113207547168,0.1012704372406005
CML_tfidf_results_2023-04-14-14-29-32,Asthma,KNN n=1,All,0.5623043623043623,0.8537735849056604,0.0264563560485839
CML_tfidf_results_2023-04-14-14-29-32,Asthma,KNN n=5,All,0.5846627483907081,0.9009433962264152,0.0129668712615966
CML_tfidf_results_2023-04-14-14-29-32,Asthma,Naive Bayes,All,0.6466666666666667,0.9245283018867924,0.0044941902160644
CML_tfidf_results_2023-04-14-14-29-32,Asthma,Random Forest,All,0.6466666666666667,0.9245283018867924,2.36531400680542
CML_tfidf_results_2023-04-14-14-29-32,CHF,SVM,All,0.7242442127352613,0.8000000000000002,0.0728380680084228
CML_tfidf_results_2023-04-14-14-29-32,CHF,KNN n=1,All,0.6089352720450282,0.6827586206896552,0.0079820156097412
CML_tfidf_results_2023-04-14-14-29-32,CHF,KNN n=5,All,0.6451297112090063,0.7586206896551724,0.0069813728332519
CML_tfidf_results_2023-04-14-14-29-32,CHF,Naive Bayes,All,0.6120689655172413,0.7517241379310344,0.0039896965026855
CML_tfidf_results_2023-04-14-14-29-32,CHF,Random Forest,All,0.8396484488679355,0.8689655172413793,1.621932029724121
CML_tfidf_results_2023-04-14-14-29-32,Depression,SVM,All,0.4546211057367244,0.7710280373831775,0.0868332386016845
CML_tfidf_results_2023-04-14-14-29-32,Depression,KNN n=1,All,0.5882870838360452,0.7242990654205608,0.0119698047637939
CML_tfidf_results_2023-04-14-14-29-32,Depression,KNN n=5,All,0.5879792399129417,0.7850467289719625,0.0114758014678955
CML_tfidf_results_2023-04-14-14-29-32,Depression,Naive Bayes,All,0.5124849242864162,0.7616822429906541,0.0064892768859863
CML_tfidf_results_2023-04-14-14-29-32,Depression,Random Forest,All,0.4746317512274959,0.7757009345794392,2.8834173679351807
CML_tfidf_results_2023-04-14-14-29-32,Diabetes,SVM,All,0.721379477397281,0.7990654205607477,0.0763311386108398
CML_tfidf_results_2023-04-14-14-29-32,Diabetes,KNN n=1,All,0.6443392425463335,0.6915887850467289,0.010483980178833
CML_tfidf_results_2023-04-14-14-29-32,Diabetes,KNN n=5,All,0.597922192749779,0.6822429906542056,0.0109708309173583
CML_tfidf_results_2023-04-14-14-29-32,Diabetes,Naive Bayes,All,0.609890292002254,0.7429906542056075,0.0044994354248046
CML_tfidf_results_2023-04-14-14-29-32,Diabetes,Random Forest,All,0.8813465346534654,0.9018691588785048,2.20658540725708
CML_tfidf_results_2023-04-14-14-29-32,Gallstones,SVM,All,0.4594594594594594,0.85,0.0693452358245849
CML_tfidf_results_2023-04-14-14-29-32,Gallstones,KNN n=1,All,0.5480946309675592,0.7363636363636363,0.0114798545837402
CML_tfidf_results_2023-04-14-14-29-32,Gallstones,KNN n=5,All,0.4735582675281168,0.8181818181818182,0.0119695663452148
CML_tfidf_results_2023-04-14-14-29-32,Gallstones,Naive Bayes,All,0.4594594594594594,0.85,0.0059869289398193
CML_tfidf_results_2023-04-14-14-29-32,Gallstones,Random Forest,All,0.4594594594594594,0.85,2.9735100269317627
CML_tfidf_results_2023-04-14-14-29-32,Gout,SVM,All,0.462287104622871,0.8597285067873304,0.0648467540740966
CML_tfidf_results_2023-04-14-14-29-32,Gout,KNN n=1,All,0.6365985435752878,0.8416289592760181,0.0154657363891601
CML_tfidf_results_2023-04-14-14-29-32,Gout,KNN n=5,All,0.5641025641025641,0.8597285067873304,0.012967824935913
CML_tfidf_results_2023-04-14-14-29-32,Gout,Naive Bayes,All,0.4946646341463414,0.8642533936651583,0.0049867630004882
CML_tfidf_results_2023-04-14-14-29-32,Gout,Random Forest,All,0.462287104622871,0.8597285067873304,2.607825756072998
CML_tfidf_results_2023-04-14-14-29-32,Hypercholesterolemia,SVM,All,0.7334326337169939,0.7357512953367874,0.0723352432250976
CML_tfidf_results_2023-04-14-14-29-32,Hypercholesterolemia,KNN n=1,All,0.5885083528999001,0.5906735751295337,0.0089774131774902
CML_tfidf_results_2023-04-14-14-29-32,Hypercholesterolemia,KNN n=5,All,0.6356873195647347,0.6476683937823834,0.0099749565124511
CML_tfidf_results_2023-04-14-14-29-32,Hypercholesterolemia,Naive Bayes,All,0.678747852233677,0.6787564766839378,0.0039904117584228
CML_tfidf_results_2023-04-14-14-29-32,Hypercholesterolemia,Random Forest,All,0.8440530058177117,0.8445595854922279,2.772749662399292
CML_tfidf_results_2023-04-14-14-29-32,Hypertriglyceridemia,SVM,All,0.4893617021276595,0.9583333333333334,0.0653595924377441
CML_tfidf_results_2023-04-14-14-29-32,Hypertriglyceridemia,KNN n=1,All,0.5245046923879041,0.9120370370370372,0.0124738216400146
CML_tfidf_results_2023-04-14-14-29-32,Hypertriglyceridemia,KNN n=5,All,0.4893617021276595,0.9583333333333334,0.0129690170288085
CML_tfidf_results_2023-04-14-14-29-32,Hypertriglyceridemia,Naive Bayes,All,0.4893617021276595,0.9583333333333334,0.0059876441955566
CML_tfidf_results_2023-04-14-14-29-32,Hypertriglyceridemia,Random Forest,All,0.4893617021276595,0.9583333333333334,2.2409610748291016
CML_tfidf_results_2023-04-14-14-29-32,OA,SVM,All,0.5081289611463212,0.8380952380952381,0.0733413696289062
CML_tfidf_results_2023-04-14-14-29-32,OA,KNN n=1,All,0.5308772859793268,0.719047619047619,0.0109705924987792
CML_tfidf_results_2023-04-14-14-29-32,OA,KNN n=5,All,0.5109365724462305,0.7571428571428571,0.0099744796752929
CML_tfidf_results_2023-04-14-14-29-32,OA,Naive Bayes,All,0.4813351210218051,0.8333333333333334,0.0039913654327392
CML_tfidf_results_2023-04-14-14-29-32,OA,Random Forest,All,0.4835069444444445,0.8380952380952381,2.900064706802368
CML_tfidf_results_2023-04-14-14-29-32,OSA,SVM,All,0.54242771449754,0.8584474885844748,0.0488877296447753
CML_tfidf_results_2023-04-14-14-29-32,OSA,KNN n=1,All,0.5824369536280893,0.7579908675799086,0.0119688510894775
CML_tfidf_results_2023-04-14-14-29-32,OSA,KNN n=5,All,0.5829025412200033,0.8401826484018263,0.010974645614624
CML_tfidf_results_2023-04-14-14-29-32,OSA,Naive Bayes,All,0.6490384615384615,0.863013698630137,0.0039906501770019
CML_tfidf_results_2023-04-14-14-29-32,OSA,Random Forest,All,0.6148241206030151,0.8721461187214612,2.3028063774108887
CML_tfidf_results_2023-04-14-14-29-32,Obesity,SVM,All,0.7238562091503268,0.75,0.1052727699279785
CML_tfidf_results_2023-04-14-14-29-32,Obesity,KNN n=1,All,0.5647321428571428,0.5673076923076923,0.0094895362854003
CML_tfidf_results_2023-04-14-14-29-32,Obesity,KNN n=5,All,0.5935951200914982,0.6057692307692307,0.0109705924987792
CML_tfidf_results_2023-04-14-14-29-32,Obesity,Naive Bayes,All,0.5407066052227343,0.5576923076923077,0.0039923191070556
CML_tfidf_results_2023-04-14-14-29-32,Obesity,Random Forest,All,0.9415292353823088,0.9423076923076924,2.72144103050232
CML_tfidf_results_2023-04-14-14-29-32,CAD,SVM,All,0.8056860442356625,0.8181818181818182,0.0898134708404541
CML_tfidf_results_2023-04-14-14-29-32,CAD,KNN n=1,All,0.6731625165403585,0.6889952153110048,0.0119705200195312
CML_tfidf_results_2023-04-14-14-29-32,CAD,KNN n=5,All,0.688540596094553,0.722488038277512,0.011479377746582
CML_tfidf_results_2023-04-14-14-29-32,CAD,Naive Bayes,All,0.7681359417701654,0.8038277511961722,0.0059902667999267
CML_tfidf_results_2023-04-14-14-29-32,CAD,Random Forest,All,0.9376119402985076,0.9425837320574164,2.6137924194335938
CML_tfidf_results_2023-04-14-14-29-32,Hypertension,SVM,All,0.4526315789473684,0.8269230769230769,0.0563750267028808
CML_tfidf_results_2023-04-14-14-29-32,Hypertension,KNN n=1,All,0.5258873331162488,0.6971153846153846,0.0104806423187255
CML_tfidf_results_2023-04-14-14-29-32,Hypertension,KNN n=5,All,0.5195272629599785,0.7932692307692307,0.0099751949310302
CML_tfidf_results_2023-04-14-14-29-32,Hypertension,Naive Bayes,All,0.4526315789473684,0.8269230769230769,0.0054914951324462
CML_tfidf_results_2023-04-14-14-29-32,Hypertension,Random Forest,All,0.6027501909854851,0.8557692307692307,2.343180656433105
CML_tfidf_results_2023-04-14-14-29-32,PVD,SVM,All,0.556989247311828,0.8446601941747571,0.0443875789642334
CML_tfidf_results_2023-04-14-14-29-32,PVD,KNN n=1,All,0.4928030303030303,0.7475728155339806,0.0109708309173583
CML_tfidf_results_2023-04-14-14-29-32,PVD,KNN n=5,All,0.5196319405054516,0.8203883495145631,0.0089759826660156
CML_tfidf_results_2023-04-14-14-29-32,PVD,Naive Bayes,All,0.4803603603603604,0.8300970873786409,0.0049872398376464
CML_tfidf_results_2023-04-14-14-29-32,PVD,Random Forest,All,0.556989247311828,0.8446601941747571,2.2935407161712646
CML_tfidf_results_2023-04-14-14-29-32,Venous Insufficiency,SVM,All,0.4752747252747252,0.9057591623036648,0.0349071025848388
CML_tfidf_results_2023-04-14-14-29-32,Venous Insufficiency,KNN n=1,All,0.5815336463223788,0.8900523560209426,0.0099730491638183
CML_tfidf_results_2023-04-14-14-29-32,Venous Insufficiency,KNN n=5,All,0.4752747252747252,0.9057591623036648,0.0079789161682128
CML_tfidf_results_2023-04-14-14-29-32,Venous Insufficiency,Naive Bayes,All,0.4752747252747252,0.9057591623036648,0.0039923191070556
CML_tfidf_results_2023-04-14-14-29-32,Venous Insufficiency,Random Forest,All,0.4752747252747252,0.9057591623036648,1.8716297149658203
CML_tfidf_results_2023-04-14-14-29-32,GERD,SVM,All,0.4325153374233129,0.7621621621621621,0.0653302669525146
CML_tfidf_results_2023-04-14-14-29-32,GERD,KNN n=1,All,0.5293709528214616,0.6432432432432432,0.0099732875823974
CML_tfidf_results_2023-04-14-14-29-32,GERD,KNN n=5,All,0.4538095238095238,0.6648648648648648,0.0089762210845947
CML_tfidf_results_2023-04-14-14-29-32,GERD,Naive Bayes,All,0.5156053623795559,0.7297297297297297,0.0039896965026855
CML_tfidf_results_2023-04-14-14-29-32,GERD,Random Forest,All,0.4325153374233129,0.7621621621621621,2.538390874862671
CML_tfidf_results_2023-04-14-14-29-32,Asthma,SVM,ExtraTreeClassifier,0.9238718429557516,0.9575471698113208,0.0139648914337158
CML_tfidf_results_2023-04-14-14-29-32,Asthma,KNN n=1,ExtraTreeClassifier,0.6858358430135283,0.8537735849056604,0.0084834098815917
CML_tfidf_results_2023-04-14-14-29-32,Asthma,KNN n=5,ExtraTreeClassifier,0.6873315363881403,0.8632075471698113,0.0079784393310546
CML_tfidf_results_2023-04-14-14-29-32,Asthma,Naive Bayes,ExtraTreeClassifier,0.5470914972837698,0.8349056603773584,0.0020089149475097
CML_tfidf_results_2023-04-14-14-29-32,Asthma,Random Forest,ExtraTreeClassifier,0.9144471347861178,0.9528301886792452,0.7989246845245361
CML_tfidf_results_2023-04-14-14-29-32,CHF,SVM,ExtraTreeClassifier,0.7820017182130584,0.8068965517241379,0.0134692192077636
CML_tfidf_results_2023-04-14-14-29-32,CHF,KNN n=1,ExtraTreeClassifier,0.6640926640926641,0.6896551724137931,0.0049867630004882
CML_tfidf_results_2023-04-14-14-29-32,CHF,KNN n=5,ExtraTreeClassifier,0.7261111111111112,0.7655172413793103,0.0049865245819091
CML_tfidf_results_2023-04-14-14-29-32,CHF,Naive Bayes,ExtraTreeClassifier,0.490995115995116,0.6827586206896552,0.00099778175354
CML_tfidf_results_2023-04-14-14-29-32,CHF,Random Forest,ExtraTreeClassifier,0.7573549257759784,0.7862068965517242,0.7640125751495361
CML_tfidf_results_2023-04-14-14-29-32,Depression,SVM,ExtraTreeClassifier,0.7115025005435964,0.8551401869158879,0.0294282436370849
CML_tfidf_results_2023-04-14-14-29-32,Depression,KNN n=1,ExtraTreeClassifier,0.5541666666666667,0.7289719626168223,0.0079786777496337
CML_tfidf_results_2023-04-14-14-29-32,Depression,KNN n=5,ExtraTreeClassifier,0.5412861136999068,0.7850467289719625,0.0089759826660156
CML_tfidf_results_2023-04-14-14-29-32,Depression,Naive Bayes,ExtraTreeClassifier,0.5585408805031447,0.808411214953271,0.0019950866699218
CML_tfidf_results_2023-04-14-14-29-32,Depression,Random Forest,ExtraTreeClassifier,0.6928897586431833,0.8457943925233644,1.0113627910614014
CML_tfidf_results_2023-04-14-14-29-32,Diabetes,SVM,ExtraTreeClassifier,0.7750154607297464,0.8411214953271028,0.0378987789154052
CML_tfidf_results_2023-04-14-14-29-32,Diabetes,KNN n=1,ExtraTreeClassifier,0.6734855334538878,0.7476635514018691,0.0089762210845947
CML_tfidf_results_2023-04-14-14-29-32,Diabetes,KNN n=5,ExtraTreeClassifier,0.5744092763002663,0.7242990654205608,0.0089755058288574
CML_tfidf_results_2023-04-14-14-29-32,Diabetes,Naive Bayes,ExtraTreeClassifier,0.4508679245283019,0.7616822429906541,0.0019950866699218
CML_tfidf_results_2023-04-14-14-29-32,Diabetes,Random Forest,ExtraTreeClassifier,0.8273935772964898,0.8738317757009346,1.0562453269958496
CML_tfidf_results_2023-04-14-14-29-32,Gallstones,SVM,ExtraTreeClassifier,0.4458438287153652,0.8045454545454547,0.0334186553955078
CML_tfidf_results_2023-04-14-14-29-32,Gallstones,KNN n=1,ExtraTreeClassifier,0.4720222306429203,0.740909090909091,0.0089757442474365
CML_tfidf_results_2023-04-14-14-29-32,Gallstones,KNN n=5,ExtraTreeClassifier,0.4677918424753868,0.8045454545454547,0.0089759826660156
CML_tfidf_results_2023-04-14-14-29-32,Gallstones,Naive Bayes,ExtraTreeClassifier,0.4458438287153652,0.8045454545454547,0.0019950866699218
CML_tfidf_results_2023-04-14-14-29-32,Gallstones,Random Forest,ExtraTreeClassifier,0.4472361809045226,0.8090909090909091,1.0153532028198242
CML_tfidf_results_2023-04-14-14-29-32,Gout,SVM,ExtraTreeClassifier,0.8172043010752688,0.9411764705882352,0.0209438800811767
CML_tfidf_results_2023-04-14-14-29-32,Gout,KNN n=1,ExtraTreeClassifier,0.6907360761265043,0.8868778280542986,0.0089781284332275
CML_tfidf_results_2023-04-14-14-29-32,Gout,KNN n=5,ExtraTreeClassifier,0.6673508483853311,0.9004524886877829,0.0079789161682128
CML_tfidf_results_2023-04-14-14-29-32,Gout,Naive Bayes,ExtraTreeClassifier,0.713235294117647,0.918552036199095,0.0019948482513427
CML_tfidf_results_2023-04-14-14-29-32,Gout,Random Forest,ExtraTreeClassifier,0.8421428571428571,0.9457013574660632,0.8537769317626953
CML_tfidf_results_2023-04-14-14-29-32,Hypercholesterolemia,SVM,ExtraTreeClassifier,0.7593255259162871,0.7616580310880829,0.0359039306640625
CML_tfidf_results_2023-04-14-14-29-32,Hypercholesterolemia,KNN n=1,ExtraTreeClassifier,0.57319309600863,0.5751295336787565,0.0079791545867919
CML_tfidf_results_2023-04-14-14-29-32,Hypercholesterolemia,KNN n=5,ExtraTreeClassifier,0.6473972677446622,0.6528497409326425,0.0069808959960937
CML_tfidf_results_2023-04-14-14-29-32,Hypercholesterolemia,Naive Bayes,ExtraTreeClassifier,0.716855031514888,0.7202072538860104,0.0019946098327636
CML_tfidf_results_2023-04-14-14-29-32,Hypercholesterolemia,Random Forest,ExtraTreeClassifier,0.8224567099567099,0.8238341968911919,1.0547702312469482
CML_tfidf_results_2023-04-14-14-29-32,Hypertriglyceridemia,SVM,ExtraTreeClassifier,0.5714285714285715,0.9537037037037036,0.0069813728332519
CML_tfidf_results_2023-04-14-14-29-32,Hypertriglyceridemia,KNN n=1,ExtraTreeClassifier,0.6105769230769231,0.9444444444444444,0.0079784393310546
CML_tfidf_results_2023-04-14-14-29-32,Hypertriglyceridemia,KNN n=5,ExtraTreeClassifier,0.5714285714285715,0.9537037037037036,0.0094802379608154
CML_tfidf_results_2023-04-14-14-29-32,Hypertriglyceridemia,Naive Bayes,ExtraTreeClassifier,0.4869358669833729,0.949074074074074,0.0019950866699218
CML_tfidf_results_2023-04-14-14-29-32,Hypertriglyceridemia,Random Forest,ExtraTreeClassifier,0.5714285714285715,0.9537037037037036,0.6223795413970947
CML_tfidf_results_2023-04-14-14-29-32,OA,SVM,ExtraTreeClassifier,0.5799199847590017,0.8000000000000002,0.0299203395843505
CML_tfidf_results_2023-04-14-14-29-32,OA,KNN n=1,ExtraTreeClassifier,0.5180538555691555,0.7142857142857143,0.0079784393310546
CML_tfidf_results_2023-04-14-14-29-32,OA,KNN n=5,ExtraTreeClassifier,0.5229810062345948,0.7761904761904762,0.0079789161682128
CML_tfidf_results_2023-04-14-14-29-32,OA,Naive Bayes,ExtraTreeClassifier,0.5141637962058506,0.7857142857142857,0.0019950866699218
CML_tfidf_results_2023-04-14-14-29-32,OA,Random Forest,ExtraTreeClassifier,0.6085164835164835,0.819047619047619,1.066222906112671
CML_tfidf_results_2023-04-14-14-29-32,OSA,SVM,ExtraTreeClassifier,0.5753309164488661,0.8949771689497716,0.0229401588439941
CML_tfidf_results_2023-04-14-14-29-32,OSA,KNN n=1,ExtraTreeClassifier,0.6576479076479076,0.8812785388127854,0.0084826946258544
CML_tfidf_results_2023-04-14-14-29-32,OSA,KNN n=5,ExtraTreeClassifier,0.5421602787456445,0.8904109589041096,0.0079786777496337
CML_tfidf_results_2023-04-14-14-29-32,OSA,Naive Bayes,ExtraTreeClassifier,0.5121549636803874,0.8949771689497716,0.0019950866699218
CML_tfidf_results_2023-04-14-14-29-32,OSA,Random Forest,ExtraTreeClassifier,0.6491864092403676,0.91324200913242,0.9380548000335692
CML_tfidf_results_2023-04-14-14-29-32,Obesity,SVM,ExtraTreeClassifier,0.7743589743589744,0.7884615384615384,0.0483756065368652
CML_tfidf_results_2023-04-14-14-29-32,Obesity,KNN n=1,ExtraTreeClassifier,0.5652765626518907,0.5865384615384616,0.0089759826660156
CML_tfidf_results_2023-04-14-14-29-32,Obesity,KNN n=5,ExtraTreeClassifier,0.5751633986928104,0.6153846153846154,0.0089764595031738
CML_tfidf_results_2023-04-14-14-29-32,Obesity,Naive Bayes,ExtraTreeClassifier,0.6915265314330241,0.716346153846154,0.0019969940185546
CML_tfidf_results_2023-04-14-14-29-32,Obesity,Random Forest,ExtraTreeClassifier,0.8560210048931853,0.8605769230769231,1.130070447921753
CML_tfidf_results_2023-04-14-14-29-32,CAD,SVM,ExtraTreeClassifier,0.8215370018975332,0.8277511961722487,0.0289227962493896
CML_tfidf_results_2023-04-14-14-29-32,CAD,KNN n=1,ExtraTreeClassifier,0.6795112781954886,0.7033492822966507,0.0089762210845947
CML_tfidf_results_2023-04-14-14-29-32,CAD,KNN n=5,ExtraTreeClassifier,0.736855358581789,0.7607655502392345,0.0079786777496337
CML_tfidf_results_2023-04-14-14-29-32,CAD,Naive Bayes,ExtraTreeClassifier,0.6031969622733954,0.7033492822966507,0.0019950866699218
CML_tfidf_results_2023-04-14-14-29-32,CAD,Random Forest,ExtraTreeClassifier,0.8117117117117116,0.8277511961722487,1.0527615547180176
CML_tfidf_results_2023-04-14-14-29-32,Hypertension,SVM,ExtraTreeClassifier,0.4703335879806468,0.8076923076923077,0.0259325504302978
CML_tfidf_results_2023-04-14-14-29-32,Hypertension,KNN n=1,ExtraTreeClassifier,0.4748321246306742,0.7740384615384616,0.0079808235168457
CML_tfidf_results_2023-04-14-14-29-32,Hypertension,KNN n=5,ExtraTreeClassifier,0.4682960284307001,0.8028846153846153,0.0079784393310546
CML_tfidf_results_2023-04-14-14-29-32,Hypertension,Naive Bayes,ExtraTreeClassifier,0.4453333333333333,0.8028846153846153,0.0009975433349609
CML_tfidf_results_2023-04-14-14-29-32,Hypertension,Random Forest,ExtraTreeClassifier,0.8035882908404155,0.8990384615384617,0.9649882316589355
CML_tfidf_results_2023-04-14-14-29-32,PVD,SVM,ExtraTreeClassifier,0.5846774193548387,0.8543689320388349,0.0179502964019775
CML_tfidf_results_2023-04-14-14-29-32,PVD,KNN n=1,ExtraTreeClassifier,0.586677367576244,0.8058252427184465,0.0069811344146728
CML_tfidf_results_2023-04-14-14-29-32,PVD,KNN n=5,ExtraTreeClassifier,0.6084580660489427,0.8446601941747571,0.0089774131774902
CML_tfidf_results_2023-04-14-14-29-32,PVD,Naive Bayes,ExtraTreeClassifier,0.482565011820331,0.8349514563106796,0.0009975433349609
CML_tfidf_results_2023-04-14-14-29-32,PVD,Random Forest,ExtraTreeClassifier,0.6494611457742484,0.8689320388349513,0.8198599815368652
CML_tfidf_results_2023-04-14-14-29-32,Venous Insufficiency,SVM,ExtraTreeClassifier,0.5176767676767676,0.8952879581151832,0.005983829498291
CML_tfidf_results_2023-04-14-14-29-32,Venous Insufficiency,KNN n=1,ExtraTreeClassifier,0.5460242005185825,0.8848167539267016,0.0069811344146728
CML_tfidf_results_2023-04-14-14-29-32,Venous Insufficiency,KNN n=5,ExtraTreeClassifier,0.4694444444444445,0.8848167539267016,0.0079786777496337
CML_tfidf_results_2023-04-14-14-29-32,Venous Insufficiency,Naive Bayes,ExtraTreeClassifier,0.4709141274238227,0.8900523560209426,0.0009973049163818
CML_tfidf_results_2023-04-14-14-29-32,Venous Insufficiency,Random Forest,ExtraTreeClassifier,0.5142303500060554,0.8900523560209426,0.6508071422576904
CML_tfidf_results_2023-04-14-14-29-32,GERD,SVM,ExtraTreeClassifier,0.6078632478632479,0.8324324324324325,0.0219411849975585
CML_tfidf_results_2023-04-14-14-29-32,GERD,KNN n=1,ExtraTreeClassifier,0.5066666666666666,0.6810810810810811,0.0069811344146728
CML_tfidf_results_2023-04-14-14-29-32,GERD,KNN n=5,ExtraTreeClassifier,0.5424731182795699,0.7513513513513513,0.0079789161682128
CML_tfidf_results_2023-04-14-14-29-32,GERD,Naive Bayes,ExtraTreeClassifier,0.4925494847653643,0.8000000000000002,0.0019948482513427
CML_tfidf_results_2023-04-14-14-29-32,GERD,Random Forest,ExtraTreeClassifier,0.7413978494623655,0.8594594594594595,1.032823085784912
CML_tfidf_results_2023-04-14-14-29-32,Asthma,SVM,SelectKBest,0.8343750000000001,0.9433962264150944,0.0364089012145996
CML_tfidf_results_2023-04-14-14-29-32,Asthma,KNN n=1,SelectKBest,0.5892428117492057,0.8820754716981133,0.0109708309173583
CML_tfidf_results_2023-04-14-14-29-32,Asthma,KNN n=5,SelectKBest,0.5411255411255411,0.8867924528301887,0.0099730491638183
CML_tfidf_results_2023-04-14-14-29-32,Asthma,Naive Bayes,SelectKBest,0.5411255411255411,0.8867924528301887,0.0039927959442138
CML_tfidf_results_2023-04-14-14-29-32,Asthma,Random Forest,SelectKBest,0.7976547586583038,0.9339622641509434,0.9071376323699952
CML_tfidf_results_2023-04-14-14-29-32,CHF,SVM,SelectKBest,0.7214946743495723,0.7724137931034483,0.034414529800415
CML_tfidf_results_2023-04-14-14-29-32,CHF,KNN n=1,SelectKBest,0.6574032403240324,0.7103448275862069,0.0069813728332519
CML_tfidf_results_2023-04-14-14-29-32,CHF,KNN n=5,SelectKBest,0.6176602996977298,0.7172413793103447,0.0049867630004882
CML_tfidf_results_2023-04-14-14-29-32,CHF,Naive Bayes,SelectKBest,0.706547619047619,0.7655172413793103,0.0039901733398437
CML_tfidf_results_2023-04-14-14-29-32,CHF,Random Forest,SelectKBest,0.8356275303643725,0.8551724137931035,1.108615159988403
CML_tfidf_results_2023-04-14-14-29-32,Depression,SVM,SelectKBest,0.6754988028731046,0.822429906542056,0.0653331279754638
CML_tfidf_results_2023-04-14-14-29-32,Depression,KNN n=1,SelectKBest,0.4625816172777499,0.7196261682242989,0.0109703540802001
CML_tfidf_results_2023-04-14-14-29-32,Depression,KNN n=5,SelectKBest,0.5041377027474346,0.7710280373831775,0.0109708309173583
CML_tfidf_results_2023-04-14-14-29-32,Depression,Naive Bayes,SelectKBest,0.5243769801863148,0.7803738317757009,0.0049867630004882
CML_tfidf_results_2023-04-14-14-29-32,Depression,Random Forest,SelectKBest,0.721387146407859,0.8457943925233644,1.4417588710784912
CML_tfidf_results_2023-04-14-14-29-32,Diabetes,SVM,SelectKBest,0.7784679089026916,0.850467289719626,0.0772984027862548
CML_tfidf_results_2023-04-14-14-29-32,Diabetes,KNN n=1,SelectKBest,0.6177067248009205,0.7242990654205608,0.010972261428833
CML_tfidf_results_2023-04-14-14-29-32,Diabetes,KNN n=5,SelectKBest,0.581518676875145,0.7242990654205608,0.0114734172821044
CML_tfidf_results_2023-04-14-14-29-32,Diabetes,Naive Bayes,SelectKBest,0.6464080459770115,0.7850467289719625,0.0039904117584228
CML_tfidf_results_2023-04-14-14-29-32,Diabetes,Random Forest,SelectKBest,0.9314641744548288,0.9485981308411215,1.5065784454345703
CML_tfidf_results_2023-04-14-14-29-32,Gallstones,SVM,SelectKBest,0.5856273543900319,0.8818181818181818,0.0613434314727783
CML_tfidf_results_2023-04-14-14-29-32,Gallstones,KNN n=1,SelectKBest,0.4815396700706991,0.8363636363636363,0.0119681358337402
CML_tfidf_results_2023-04-14-14-29-32,Gallstones,KNN n=5,SelectKBest,0.4647201946472019,0.8681818181818183,0.0109705924987792
CML_tfidf_results_2023-04-14-14-29-32,Gallstones,Naive Bayes,SelectKBest,0.4991869918699187,0.8727272727272727,0.0049867630004882
CML_tfidf_results_2023-04-14-14-29-32,Gallstones,Random Forest,SelectKBest,0.8543367909953652,0.9454545454545454,1.411320686340332
CML_tfidf_results_2023-04-14-14-29-32,Gout,SVM,SelectKBest,0.8350746268656717,0.9457013574660632,0.038895845413208
CML_tfidf_results_2023-04-14-14-29-32,Gout,KNN n=1,SelectKBest,0.5620426829268292,0.8823529411764706,0.0109705924987792
CML_tfidf_results_2023-04-14-14-29-32,Gout,KNN n=5,SelectKBest,0.5424430641821946,0.8914027149321266,0.0109775066375732
CML_tfidf_results_2023-04-14-14-29-32,Gout,Naive Bayes,SelectKBest,0.46875,0.8823529411764706,0.0039899349212646
CML_tfidf_results_2023-04-14-14-29-32,Gout,Random Forest,SelectKBest,0.8521379478133934,0.9502262443438914,1.1175868511199951
CML_tfidf_results_2023-04-14-14-29-32,Hypercholesterolemia,SVM,SelectKBest,0.7952672378620971,0.7979274611398963,0.0713145732879638
CML_tfidf_results_2023-04-14-14-29-32,Hypercholesterolemia,KNN n=1,SelectKBest,0.6786788399570354,0.6787564766839378,0.0089757442474365
CML_tfidf_results_2023-04-14-14-29-32,Hypercholesterolemia,KNN n=5,SelectKBest,0.7334326337169939,0.7357512953367874,0.0089774131774902
CML_tfidf_results_2023-04-14-14-29-32,Hypercholesterolemia,Naive Bayes,SelectKBest,0.7712777418659772,0.7720207253886011,0.0039913654327392
CML_tfidf_results_2023-04-14-14-29-32,Hypercholesterolemia,Random Forest,SelectKBest,0.901172348740062,0.9015544041450776,1.5016014575958252
CML_tfidf_results_2023-04-14-14-29-32,Hypertriglyceridemia,SVM,SelectKBest,0.8392686297438079,0.9675925925925926,0.0189495086669921
CML_tfidf_results_2023-04-14-14-29-32,Hypertriglyceridemia,KNN n=1,SelectKBest,0.6972091245061807,0.949074074074074,0.0109710693359375
CML_tfidf_results_2023-04-14-14-29-32,Hypertriglyceridemia,KNN n=5,SelectKBest,0.6972091245061807,0.949074074074074,0.0099735260009765
CML_tfidf_results_2023-04-14-14-29-32,Hypertriglyceridemia,Naive Bayes,SelectKBest,0.4820143884892086,0.9305555555555556,0.0049870014190673
CML_tfidf_results_2023-04-14-14-29-32,Hypertriglyceridemia,Random Forest,SelectKBest,0.7378640776699029,0.9537037037037036,0.7390797138214111
CML_tfidf_results_2023-04-14-14-29-32,OA,SVM,SelectKBest,0.666618559676721,0.7904761904761904,0.0523672103881835
CML_tfidf_results_2023-04-14-14-29-32,OA,KNN n=1,SelectKBest,0.5712535728868926,0.7380952380952381,0.0109705924987792
CML_tfidf_results_2023-04-14-14-29-32,OA,KNN n=5,SelectKBest,0.5028571428571429,0.7238095238095238,0.0099732875823974
CML_tfidf_results_2023-04-14-14-29-32,OA,Naive Bayes,SelectKBest,0.5051353874883286,0.7476190476190476,0.004988670349121
CML_tfidf_results_2023-04-14-14-29-32,OA,Random Forest,SelectKBest,0.7619047619047619,0.8476190476190476,1.1175932884216309
CML_tfidf_results_2023-04-14-14-29-32,OSA,SVM,SelectKBest,0.8929618768328447,0.9452054794520548,0.0369012355804443
CML_tfidf_results_2023-04-14-14-29-32,OSA,KNN n=1,SelectKBest,0.6161855670103092,0.8447488584474886,0.0119674205780029
CML_tfidf_results_2023-04-14-14-29-32,OSA,KNN n=5,SelectKBest,0.611357586512866,0.8538812785388128,0.0109717845916748
CML_tfidf_results_2023-04-14-14-29-32,OSA,Naive Bayes,SelectKBest,0.5913486005089058,0.8493150684931505,0.0049874782562255
CML_tfidf_results_2023-04-14-14-29-32,OSA,Random Forest,SelectKBest,0.8571552811236248,0.9315068493150684,1.0896644592285156
CML_tfidf_results_2023-04-14-14-29-32,Obesity,SVM,SelectKBest,0.8335556148306216,0.8413461538461539,0.086275577545166
CML_tfidf_results_2023-04-14-14-29-32,Obesity,KNN n=1,SelectKBest,0.5871377530766176,0.5913461538461539,0.0099732875823974
CML_tfidf_results_2023-04-14-14-29-32,Obesity,KNN n=5,SelectKBest,0.6275648470770423,0.6442307692307693,0.0119681358337402
CML_tfidf_results_2023-04-14-14-29-32,Obesity,Naive Bayes,SelectKBest,0.6793186990676161,0.6971153846153846,0.0039896965026855
CML_tfidf_results_2023-04-14-14-29-32,Obesity,Random Forest,SelectKBest,0.9118644067796609,0.9134615384615384,1.4746708869934082
CML_tfidf_results_2023-04-14-14-29-32,CAD,SVM,SelectKBest,0.8076914002595258,0.8133971291866029,0.0867717266082763
CML_tfidf_results_2023-04-14-14-29-32,CAD,KNN n=1,SelectKBest,0.655717054263566,0.6746411483253588,0.0114777088165283
CML_tfidf_results_2023-04-14-14-29-32,CAD,KNN n=5,SelectKBest,0.6506324692497691,0.6794258373205742,0.0109703540802001
CML_tfidf_results_2023-04-14-14-29-32,CAD,Naive Bayes,SelectKBest,0.8043071161048689,0.8086124401913876,0.0049872398376464
CML_tfidf_results_2023-04-14-14-29-32,CAD,Random Forest,SelectKBest,0.9158794421952317,0.9186602870813396,1.4667184352874756
CML_tfidf_results_2023-04-14-14-29-32,Hypertension,SVM,SelectKBest,0.609071544919183,0.7836538461538463,0.0543701648712158
CML_tfidf_results_2023-04-14-14-29-32,Hypertension,KNN n=1,SelectKBest,0.5317748917748918,0.75,0.0109708309173583
CML_tfidf_results_2023-04-14-14-29-32,Hypertension,KNN n=5,SelectKBest,0.4841269841269841,0.7596153846153846,0.0099728107452392
CML_tfidf_results_2023-04-14-14-29-32,Hypertension,Naive Bayes,SelectKBest,0.5101362271992611,0.7548076923076922,0.0039901733398437
CML_tfidf_results_2023-04-14-14-29-32,Hypertension,Random Forest,SelectKBest,0.6491477272727273,0.8173076923076923,1.242354154586792
CML_tfidf_results_2023-04-14-14-29-32,PVD,SVM,SelectKBest,0.7101041373487194,0.9029126213592236,0.0493800640106201
CML_tfidf_results_2023-04-14-14-29-32,PVD,KNN n=1,SelectKBest,0.7231182795698925,0.9029126213592236,0.017951488494873
CML_tfidf_results_2023-04-14-14-29-32,PVD,KNN n=5,SelectKBest,0.5290830581661163,0.8689320388349513,0.0119681358337402
CML_tfidf_results_2023-04-14-14-29-32,PVD,Naive Bayes,SelectKBest,0.4966841186736475,0.8640776699029126,0.0039899349212646
CML_tfidf_results_2023-04-14-14-29-32,PVD,Random Forest,SelectKBest,0.8218873517786562,0.9320388349514565,1.101689100265503
CML_tfidf_results_2023-04-14-14-29-32,Venous Insufficiency,SVM,SelectKBest,0.6877384196185286,0.9528795811518324,0.031914472579956
CML_tfidf_results_2023-04-14-14-29-32,Venous Insufficiency,KNN n=1,SelectKBest,0.5335775335775337,0.9162303664921466,0.011970043182373
CML_tfidf_results_2023-04-14-14-29-32,Venous Insufficiency,KNN n=5,SelectKBest,0.4837837837837838,0.93717277486911,0.0104823112487792
CML_tfidf_results_2023-04-14-14-29-32,Venous Insufficiency,Naive Bayes,SelectKBest,0.4837837837837838,0.93717277486911,0.0039906501770019
CML_tfidf_results_2023-04-14-14-29-32,Venous Insufficiency,Random Forest,SelectKBest,0.6292701863354038,0.9476439790575916,0.7505779266357422
CML_tfidf_results_2023-04-14-14-29-32,GERD,SVM,SelectKBest,0.7657771717958707,0.8594594594594595,0.044879674911499
CML_tfidf_results_2023-04-14-14-29-32,GERD,KNN n=1,SelectKBest,0.5524915336236091,0.7837837837837838,0.0099730491638183
CML_tfidf_results_2023-04-14-14-29-32,GERD,KNN n=5,SelectKBest,0.4841048522030117,0.7837837837837838,0.0089762210845947
CML_tfidf_results_2023-04-14-14-29-32,GERD,Naive Bayes,SelectKBest,0.4605646824550174,0.7783783783783784,0.0039901733398437
CML_tfidf_results_2023-04-14-14-29-32,GERD,Random Forest,SelectKBest,0.7732843137254901,0.8702702702702703,1.0473206043243408
CML_tfidf_results_2023-04-14-14-29-32,Asthma,SVM,InfoGainAttributeVal,0.91232423490488,0.9622641509433962,0.0329124927520751
CML_tfidf_results_2023-04-14-14-29-32,Asthma,KNN n=1,InfoGainAttributeVal,0.8302302302302303,0.9245283018867924,0.0099749565124511
CML_tfidf_results_2023-04-14-14-29-32,Asthma,KNN n=5,InfoGainAttributeVal,0.8444607483492297,0.9386792452830188,0.0099730491638183
CML_tfidf_results_2023-04-14-14-29-32,Asthma,Naive Bayes,InfoGainAttributeVal,0.7515625,0.9150943396226416,0.0039904117584228
CML_tfidf_results_2023-04-14-14-29-32,Asthma,Random Forest,InfoGainAttributeVal,0.8774115544341061,0.9481132075471698,0.9002041816711426
CML_tfidf_results_2023-04-14-14-29-32,CHF,SVM,InfoGainAttributeVal,0.8910008591065293,0.903448275862069,0.0339112281799316
CML_tfidf_results_2023-04-14-14-29-32,CHF,KNN n=1,InfoGainAttributeVal,0.620479675231024,0.6620689655172414,0.0075032711029052
CML_tfidf_results_2023-04-14-14-29-32,CHF,KNN n=5,InfoGainAttributeVal,0.6202200104766893,0.6896551724137931,0.005983829498291
CML_tfidf_results_2023-04-14-14-29-32,CHF,Naive Bayes,InfoGainAttributeVal,0.5036223230634503,0.7034482758620689,0.0039899349212646
CML_tfidf_results_2023-04-14-14-29-32,CHF,Random Forest,InfoGainAttributeVal,0.8677610579115367,0.8896551724137931,0.753572940826416
CML_tfidf_results_2023-04-14-14-29-32,Depression,SVM,InfoGainAttributeVal,0.8432234432234432,0.9065420560747663,0.0718107223510742
CML_tfidf_results_2023-04-14-14-29-32,Depression,KNN n=1,InfoGainAttributeVal,0.6566844919786096,0.7757009345794392,0.0114779472351074
CML_tfidf_results_2023-04-14-14-29-32,Depression,KNN n=5,InfoGainAttributeVal,0.7060439560439561,0.850467289719626,0.0169553756713867
CML_tfidf_results_2023-04-14-14-29-32,Depression,Naive Bayes,InfoGainAttributeVal,0.5307017543859649,0.8130841121495327,0.0059845447540283
CML_tfidf_results_2023-04-14-14-29-32,Depression,Random Forest,InfoGainAttributeVal,0.8745787545787547,0.9252336448598132,1.1639976501464844
CML_tfidf_results_2023-04-14-14-29-32,Diabetes,SVM,InfoGainAttributeVal,0.9180973209404046,0.9345794392523366,0.0633459091186523
CML_tfidf_results_2023-04-14-14-29-32,Diabetes,KNN n=1,InfoGainAttributeVal,0.6820882852292021,0.7383177570093457,0.0119681358337402
CML_tfidf_results_2023-04-14-14-29-32,Diabetes,KNN n=5,InfoGainAttributeVal,0.7297004691447131,0.8037383177570093,0.0109698772430419
CML_tfidf_results_2023-04-14-14-29-32,Diabetes,Naive Bayes,InfoGainAttributeVal,0.5039491758241759,0.7476635514018691,0.0049896240234375
CML_tfidf_results_2023-04-14-14-29-32,Diabetes,Random Forest,InfoGainAttributeVal,0.9209367095802428,0.9392523364485984,0.918670654296875
CML_tfidf_results_2023-04-14-14-29-32,Gallstones,SVM,InfoGainAttributeVal,0.8236573915034926,0.9045454545454544,0.0608372688293457
CML_tfidf_results_2023-04-14-14-29-32,Gallstones,KNN n=1,InfoGainAttributeVal,0.6027287319422151,0.7545454545454545,0.011970043182373
CML_tfidf_results_2023-04-14-14-29-32,Gallstones,KNN n=5,InfoGainAttributeVal,0.5498511904761905,0.8000000000000002,0.010483980178833
CML_tfidf_results_2023-04-14-14-29-32,Gallstones,Naive Bayes,InfoGainAttributeVal,0.4416243654822335,0.7909090909090909,0.0039899349212646
CML_tfidf_results_2023-04-14-14-29-32,Gallstones,Random Forest,InfoGainAttributeVal,0.8537882144439521,0.9181818181818182,0.9680225849151612
CML_tfidf_results_2023-04-14-14-29-32,Gout,SVM,InfoGainAttributeVal,0.9757356170399648,0.990950226244344,0.0394048690795898
CML_tfidf_results_2023-04-14-14-29-32,Gout,KNN n=1,InfoGainAttributeVal,0.8523291332569684,0.9366515837104072,0.0109705924987792
CML_tfidf_results_2023-04-14-14-29-32,Gout,KNN n=5,InfoGainAttributeVal,0.8325464824852831,0.9411764705882352,0.0109705924987792
CML_tfidf_results_2023-04-14-14-29-32,Gout,Naive Bayes,InfoGainAttributeVal,0.6187025534851622,0.9095022624434388,0.004988670349121
CML_tfidf_results_2023-04-14-14-29-32,Gout,Random Forest,InfoGainAttributeVal,0.9514712340799296,0.9819004524886876,0.8652980327606201
CML_tfidf_results_2023-04-14-14-29-32,Hypercholesterolemia,SVM,InfoGainAttributeVal,0.8943044906900328,0.8963730569948186,0.0563621520996093
CML_tfidf_results_2023-04-14-14-29-32,Hypercholesterolemia,KNN n=1,InfoGainAttributeVal,0.6368718130504731,0.6424870466321243,0.0089759826660156
CML_tfidf_results_2023-04-14-14-29-32,Hypercholesterolemia,KNN n=5,InfoGainAttributeVal,0.6608817884464628,0.6632124352331606,0.0089757442474365
CML_tfidf_results_2023-04-14-14-29-32,Hypercholesterolemia,Naive Bayes,InfoGainAttributeVal,0.8037288135593219,0.8134715025906736,0.0049872398376464
CML_tfidf_results_2023-04-14-14-29-32,Hypercholesterolemia,Random Forest,InfoGainAttributeVal,0.908741968681334,0.911917098445596,0.9296340942382812
CML_tfidf_results_2023-04-14-14-29-32,Hypertriglyceridemia,SVM,InfoGainAttributeVal,0.7933453810991815,0.9583333333333334,0.0309193134307861
CML_tfidf_results_2023-04-14-14-29-32,Hypertriglyceridemia,KNN n=1,InfoGainAttributeVal,0.7966971849063061,0.949074074074074,0.0109705924987792
CML_tfidf_results_2023-04-14-14-29-32,Hypertriglyceridemia,KNN n=5,InfoGainAttributeVal,0.7933453810991815,0.9583333333333334,0.0099732875823974
CML_tfidf_results_2023-04-14-14-29-32,Hypertriglyceridemia,Naive Bayes,InfoGainAttributeVal,0.5407512402551382,0.9305555555555556,0.0039894580841064
CML_tfidf_results_2023-04-14-14-29-32,Hypertriglyceridemia,Random Forest,InfoGainAttributeVal,0.642156238052759,0.9398148148148148,0.8248918056488037
CML_tfidf_results_2023-04-14-14-29-32,OA,SVM,InfoGainAttributeVal,0.7874924104432302,0.9047619047619048,0.0523715019226074
CML_tfidf_results_2023-04-14-14-29-32,OA,KNN n=1,InfoGainAttributeVal,0.696519261736653,0.8333333333333334,0.012965440750122
CML_tfidf_results_2023-04-14-14-29-32,OA,KNN n=5,InfoGainAttributeVal,0.7210266220309263,0.8809523809523809,0.0109705924987792
CML_tfidf_results_2023-04-14-14-29-32,OA,Naive Bayes,InfoGainAttributeVal,0.5302631578947368,0.8380952380952381,0.0039899349212646
CML_tfidf_results_2023-04-14-14-29-32,OA,Random Forest,InfoGainAttributeVal,0.8638888888888889,0.9333333333333332,0.9815030097961426
CML_tfidf_results_2023-04-14-14-29-32,OSA,SVM,InfoGainAttributeVal,0.8980317460317461,0.9497716894977168,0.031914472579956
CML_tfidf_results_2023-04-14-14-29-32,OSA,KNN n=1,InfoGainAttributeVal,0.7145650048875856,0.8538812785388128,0.0109708309173583
CML_tfidf_results_2023-04-14-14-29-32,OSA,KNN n=5,InfoGainAttributeVal,0.7478933554358337,0.8858447488584474,0.0099730491638183
CML_tfidf_results_2023-04-14-14-29-32,OSA,Naive Bayes,InfoGainAttributeVal,0.6408821034775234,0.867579908675799,0.0045011043548583
CML_tfidf_results_2023-04-14-14-29-32,OSA,Random Forest,InfoGainAttributeVal,0.9659937888198756,0.9817351598173516,0.8069360256195068
CML_tfidf_results_2023-04-14-14-29-32,Obesity,SVM,InfoGainAttributeVal,0.8628107559614409,0.875,0.0777914524078369
CML_tfidf_results_2023-04-14-14-29-32,Obesity,KNN n=1,InfoGainAttributeVal,0.6368197132528343,0.6586538461538461,0.0104827880859375
CML_tfidf_results_2023-04-14-14-29-32,Obesity,KNN n=5,InfoGainAttributeVal,0.6982822242015523,0.7259615384615384,0.0099735260009765
CML_tfidf_results_2023-04-14-14-29-32,Obesity,Naive Bayes,InfoGainAttributeVal,0.7815517815517815,0.8028846153846153,0.0039889812469482
CML_tfidf_results_2023-04-14-14-29-32,Obesity,Random Forest,InfoGainAttributeVal,0.9699277108433736,0.971153846153846,0.9540557861328124
CML_tfidf_results_2023-04-14-14-29-32,CAD,SVM,InfoGainAttributeVal,0.8971095013714043,0.8995215311004785,0.0478718280792236
CML_tfidf_results_2023-04-14-14-29-32,CAD,KNN n=1,InfoGainAttributeVal,0.7837844340190063,0.7942583732057417,0.0099732875823974
CML_tfidf_results_2023-04-14-14-29-32,CAD,KNN n=5,InfoGainAttributeVal,0.79930862300749,0.8086124401913876,0.0094847679138183
CML_tfidf_results_2023-04-14-14-29-32,CAD,Naive Bayes,InfoGainAttributeVal,0.8046536796536796,0.8181818181818182,0.0049881935119628
CML_tfidf_results_2023-04-14-14-29-32,CAD,Random Forest,InfoGainAttributeVal,0.9052651668774006,0.9090909090909092,0.8712830543518066
CML_tfidf_results_2023-04-14-14-29-32,Hypertension,SVM,InfoGainAttributeVal,0.7020667075915695,0.8653846153846154,0.0443928241729736
CML_tfidf_results_2023-04-14-14-29-32,Hypertension,KNN n=1,InfoGainAttributeVal,0.6049545829892651,0.7788461538461539,0.0109710693359375
CML_tfidf_results_2023-04-14-14-29-32,Hypertension,KNN n=5,InfoGainAttributeVal,0.4744680851063829,0.8173076923076923,0.0099728107452392
CML_tfidf_results_2023-04-14-14-29-32,Hypertension,Naive Bayes,InfoGainAttributeVal,0.4808528845468159,0.8317307692307692,0.0039901733398437
CML_tfidf_results_2023-04-14-14-29-32,Hypertension,Random Forest,InfoGainAttributeVal,0.7865415628207006,0.8990384615384617,0.9376153945922852
CML_tfidf_results_2023-04-14-14-29-32,PVD,SVM,InfoGainAttributeVal,0.8776431456402947,0.9514563106796116,0.037898302078247
CML_tfidf_results_2023-04-14-14-29-32,PVD,KNN n=1,InfoGainAttributeVal,0.7073863636363636,0.8543689320388349,0.009974718093872
CML_tfidf_results_2023-04-14-14-29-32,PVD,KNN n=5,InfoGainAttributeVal,0.8349358974358974,0.9320388349514565,0.0104823112487792
CML_tfidf_results_2023-04-14-14-29-32,PVD,Naive Bayes,InfoGainAttributeVal,0.6611842105263158,0.9029126213592236,0.0039920806884765
CML_tfidf_results_2023-04-14-14-29-32,PVD,Random Forest,InfoGainAttributeVal,0.8877384196185285,0.9563106796116504,0.8692898750305176
CML_tfidf_results_2023-04-14-14-29-32,Venous Insufficiency,SVM,InfoGainAttributeVal,0.5292156009859359,0.9109947643979056,0.0219409465789794
CML_tfidf_results_2023-04-14-14-29-32,Venous Insufficiency,KNN n=1,InfoGainAttributeVal,0.5225,0.8534031413612565,0.0089759826660156
CML_tfidf_results_2023-04-14-14-29-32,Venous Insufficiency,KNN n=5,InfoGainAttributeVal,0.5213032581453634,0.9005235602094241,0.0089759826660156
CML_tfidf_results_2023-04-14-14-29-32,Venous Insufficiency,Naive Bayes,InfoGainAttributeVal,0.4752747252747252,0.9057591623036648,0.0039894580841064
CML_tfidf_results_2023-04-14-14-29-32,Venous Insufficiency,Random Forest,InfoGainAttributeVal,0.4752747252747252,0.9057591623036648,0.7605204582214355
CML_tfidf_results_2023-04-14-14-29-32,GERD,SVM,InfoGainAttributeVal,0.7879135276776941,0.8486486486486488,0.0403985977172851
CML_tfidf_results_2023-04-14-14-29-32,GERD,KNN n=1,InfoGainAttributeVal,0.6971159900927753,0.7891891891891892,0.0089762210845947
CML_tfidf_results_2023-04-14-14-29-32,GERD,KNN n=5,InfoGainAttributeVal,0.6790540540540541,0.7945945945945945,0.0089757442474365
CML_tfidf_results_2023-04-14-14-29-32,GERD,Naive Bayes,InfoGainAttributeVal,0.5843545751633987,0.7621621621621621,0.0039935111999511
CML_tfidf_results_2023-04-14-14-29-32,GERD,Random Forest,InfoGainAttributeVal,0.7727644939403864,0.8378378378378378,0.936058521270752
