Batch,Disease,Embedding,AUROC,F1,F1_MACRO,F1_MICRO,Exec Time,Total Run (secs),Epochs,LR,CV,Dropout,BatchSize,Hidden
DL_embedding_results_2023-04-14-20-25-50,Asthma,GloVe,0.5310626355402475,0.0,0.4557823129251701,0.8375,"Trn,Eval,Ttl=0:01:08.722968,0:00:03.798274,0:01:12.521241",72.5212414264679,1,0.01,False,0.1,256.0,64.0
DL_embedding_results_2023-04-14-20-25-50,Asthma,FastText,0.480673555300421,0.0,0.4557823129251701,0.8375,"Trn,Eval,Ttl=0:00:43.875360,0:00:06.775325,0:00:50.650684",50.65068435668945,1,0.001,False,0.1,256.0,64.0
DL_embedding_results_2023-04-14-20-25-50,Asthma,USE,0.5037632351065187,0.0,0.4557823129251701,0.8375,"Trn,Eval,Ttl=0:00:39.232013,0:00:08.671999,0:00:47.904012",47.90401196479797,1,0.01,False,0.1,256.0,64.0
DL_embedding_results_2023-04-14-20-39-29,Asthma,GloVe,0.530552366373262,0.16,0.5311627906976744,0.825,"Trn,Eval,Ttl=0:10:34.023108,0:00:04.634669,0:10:38.657777",638.6577768325806,25,0.01,False,0.0,64.0,32.0
DL_embedding_results_2023-04-14-20-39-29,Asthma,GloVe,0.6174256920525577,0.339622641509434,0.62882771419734,0.8541666666666666,"Trn,Eval,Ttl=0:12:36.910326,0:00:05.395274,0:12:42.305600",762.3055996894836,25,0.01,False,0.0,64.0,64.0
DL_embedding_results_2023-04-14-20-39-29,Asthma,GloVe,0.6386018624824595,0.2962962962962963,0.603547209181012,0.8416666666666667,"Trn,Eval,Ttl=0:17:44.084275,0:00:06.894487,0:17:50.978762",1070.9787621498108,25,0.01,False,0.0,64.0,128.0
DL_embedding_results_2023-04-14-20-39-29,Asthma,GloVe,0.5721393034825871,0.1971830985915492,0.5289093977065326,0.7625,"Trn,Eval,Ttl=0:12:05.535797,0:00:04.910288,0:12:10.446086",730.446085691452,25,0.01,False,0.1,64.0,32.0
DL_embedding_results_2023-04-14-20-39-29,Asthma,GloVe,0.5726495726495727,0.3793103448275862,0.6470011439777742,0.85,"Trn,Eval,Ttl=0:18:32.351195,0:00:06.223065,0:18:38.574260",1118.5742604732511,25,0.01,False,0.1,64.0,64.0
DL_embedding_results_2023-04-14-20-39-29,Asthma,GloVe,0.6164051537185866,0.3733333333333333,0.6286419753086421,0.8041666666666667,"Trn,Eval,Ttl=0:26:13.939837,0:00:08.971412,0:26:22.911249",1582.9112491607666,25,0.01,False,0.1,64.0,128.0
DL_embedding_results_2023-04-14-20-39-29,Asthma,GloVe,0.7879831611174895,0.5507246376811593,0.7376494234634507,0.8708333333333333,"Trn,Eval,Ttl=0:11:42.728530,0:00:04.768891,0:11:47.497421",707.4974210262299,25,0.01,False,0.5,64.0,32.0
DL_embedding_results_2023-04-14-20-39-29,Asthma,GloVe,0.6482969766551857,0.3773584905660377,0.6500375591003491,0.8625,"Trn,Eval,Ttl=0:16:46.324594,0:00:05.882341,0:16:52.206934",1012.2069344520568,25,0.01,False,0.5,64.0,64.0
DL_embedding_results_2023-04-14-20-39-29,Asthma,GloVe,0.6022451843347365,0.3571428571428571,0.6361185983827493,0.85,"Trn,Eval,Ttl=0:26:00.497149,0:00:08.366425,0:26:08.863573",1568.8635733127594,25,0.01,False,0.5,64.0,128.0
DL_embedding_results_2023-04-14-20-39-29,Asthma,GloVe,0.5925500701620104,0.339622641509434,0.62882771419734,0.8541666666666666,"Trn,Eval,Ttl=0:08:34.080666,0:00:03.649288,0:08:37.729954",517.7299544811249,25,0.01,False,0.0,128.0,32.0
DL_embedding_results_2023-04-14-20-39-29,Asthma,GloVe,0.6310753922694221,0.3137254901960783,0.6160702043054984,0.8541666666666666,"Trn,Eval,Ttl=0:11:17.869890,0:00:03.942559,0:11:21.812449",681.8124492168427,25,0.01,False,0.0,128.0,64.0
DL_embedding_results_2023-04-14-20-39-29,Asthma,GloVe,0.6294170174767189,0.3571428571428571,0.6361185983827493,0.85,"Trn,Eval,Ttl=0:14:43.160164,0:00:04.856007,0:14:48.016171",888.0161714553833,25,0.01,False,0.0,128.0,128.0
DL_embedding_results_2023-04-14-20-39-29,Asthma,GloVe,0.6013522132925119,0.0,0.4557823129251701,0.8375,"Trn,Eval,Ttl=0:12:16.676117,0:00:04.226311,0:12:20.902428",740.9024279117584,25,0.01,False,0.1,128.0,32.0
DL_embedding_results_2023-04-14-20-39-29,Asthma,GloVe,0.7231789769103202,0.4406779661016949,0.6811465840009662,0.8625,"Trn,Eval,Ttl=0:16:30.079585,0:00:05.120316,0:16:35.199901",995.1999008655548,25,0.01,False,0.1,128.0,64.0
DL_embedding_results_2023-04-14-20-39-29,Asthma,GloVe,0.6542926393672662,0.4150943396226415,0.6712474040033583,0.8708333333333333,"Trn,Eval,Ttl=0:26:03.150230,0:00:06.863702,0:26:10.013932",1570.0139322280884,25,0.01,False,0.1,128.0,128.0
DL_embedding_results_2023-04-14-20-39-29,Asthma,GloVe,0.6111748947569843,0.0,0.4557823129251701,0.8375,"Trn,Eval,Ttl=0:10:45.762348,0:00:04.171232,0:10:49.933581",649.9335806369781,25,0.01,False,0.5,128.0,32.0
DL_embedding_results_2023-04-14-20-39-29,Asthma,GloVe,0.7245822171195306,0.5,0.7142857142857144,0.875,"Trn,Eval,Ttl=0:14:49.572312,0:00:05.144520,0:14:54.716831",894.7168312072754,25,0.01,False,0.5,128.0,64.0
DL_embedding_results_2023-04-14-20-39-29,Asthma,GloVe,0.6763617808393928,0.4788732394366197,0.694204345879679,0.8458333333333333,"Trn,Eval,Ttl=0:22:03.553839,0:00:06.490630,0:22:10.044469",1330.0444688796997,25,0.01,False,0.5,128.0,128.0
DL_embedding_results_2023-04-14-20-39-29,Asthma,GloVe,0.6946039035591275,0.339622641509434,0.62882771419734,0.8541666666666666,"Trn,Eval,Ttl=0:07:18.917580,0:00:02.972522,0:07:21.890101",441.8901011943817,25,0.01,False,0.0,256.0,32.0
DL_embedding_results_2023-04-14-20-39-29,Asthma,GloVe,0.7083811710677381,0.339622641509434,0.62882771419734,0.8541666666666666,"Trn,Eval,Ttl=0:09:56.940905,0:00:03.292218,0:10:00.233124",600.2331235408783,25,0.01,False,0.0,256.0,64.0
DL_embedding_results_2023-04-14-20-39-29,Asthma,GloVe,0.6721520602117618,0.3636363636363636,0.6406417112299465,0.8541666666666666,"Trn,Eval,Ttl=0:13:30.697081,0:00:03.814177,0:13:34.511258",814.5112578868866,25,0.01,False,0.0,256.0,128.0
DL_embedding_results_2023-04-14-20-39-29,Asthma,GloVe,0.6428115831100906,0.0,0.4557823129251701,0.8375,"Trn,Eval,Ttl=0:09:38.897966,0:00:03.444827,0:09:42.342793",582.3427929878235,25,0.01,False,0.1,256.0,32.0
DL_embedding_results_2023-04-14-20-39-29,Asthma,GloVe,0.646511034570736,0.0,0.4557823129251701,0.8375,"Trn,Eval,Ttl=0:13:05.322566,0:00:04.304664,0:13:09.627230",789.6272301673889,25,0.01,False,0.1,256.0,64.0
DL_embedding_results_2023-04-14-20-39-29,Asthma,GloVe,0.6204873070544712,0.0,0.4557823129251701,0.8375,"Trn,Eval,Ttl=0:21:12.998193,0:00:05.289873,0:21:18.288066",1278.288066148758,25,0.01,False,0.1,256.0,128.0
DL_embedding_results_2023-04-14-20-39-29,Asthma,GloVe,0.5667814772292384,0.0,0.4557823129251701,0.8375,"Trn,Eval,Ttl=0:09:16.232064,0:00:03.623368,0:09:19.855432",559.8554320335388,25,0.01,False,0.5,256.0,32.0
DL_embedding_results_2023-04-14-20-39-29,Asthma,GloVe,0.5565760938895267,0.0,0.4557823129251701,0.8375,"Trn,Eval,Ttl=0:14:34.825672,0:00:04.511119,0:14:39.336791",879.3367908000946,25,0.01,False,0.5,256.0,64.0
DL_embedding_results_2023-04-14-20-39-29,Asthma,GloVe,0.6187013649700217,0.0,0.4557823129251701,0.8375,"Trn,Eval,Ttl=0:20:23.926862,0:00:05.627062,0:20:29.553924",1229.5539243221283,25,0.01,False,0.5,256.0,128.0
DL_embedding_results_2023-04-14-20-39-29,Asthma,GloVe,0.592039800995025,0.3018867924528302,0.6076178692943308,0.8458333333333333,"Trn,Eval,Ttl=0:19:59.988902,0:00:04.512075,0:20:04.500977",1204.5009770393372,50,0.01,False,0.0,64.0,32.0
DL_embedding_results_2023-04-14-20-39-29,Asthma,GloVe,0.645873198112004,0.3448275862068965,0.6273900964209838,0.8416666666666667,"Trn,Eval,Ttl=0:23:38.700297,0:00:04.907100,0:23:43.607397",1423.6073968410492,50,0.01,False,0.0,64.0,64.0
DL_embedding_results_2023-04-14-20-39-29,Asthma,GloVe,0.526087511162138,0.2448979591836735,0.5795255457171268,0.8458333333333333,"Trn,Eval,Ttl=0:35:23.582710,0:00:06.320308,0:35:29.903017",2129.903017282486,50,0.01,False,0.0,64.0,128.0
DL_embedding_results_2023-04-14-20-39-29,Asthma,GloVe,0.6218905472636816,0.2857142857142857,0.5889003083247688,0.8125,"Trn,Eval,Ttl=0:23:08.946133,0:00:04.829307,0:23:13.775440",1393.775439977646,50,0.01,False,0.1,64.0,32.0
DL_embedding_results_2023-04-14-20-39-29,Asthma,GloVe,0.7645107794361525,0.4516129032258064,0.6851365951535731,0.8583333333333333,"Trn,Eval,Ttl=0:32:57.954970,0:00:06.938069,0:33:04.893039",1984.8930387496948,50,0.01,False,0.1,64.0,64.0
DL_embedding_results_2023-04-14-20-39-29,Asthma,GloVe,0.6299272866437046,0.3492063492063491,0.6254425031403448,0.8291666666666667,"Trn,Eval,Ttl=0:56:02.301507,0:00:09.239711,0:56:11.541219",3371.541218519211,50,0.01,False,0.1,64.0,128.0
DL_embedding_results_2023-04-14-20-39-29,Asthma,GloVe,0.6896287791810181,0.4242424242424242,0.6662274923144488,0.8416666666666667,"Trn,Eval,Ttl=0:24:08.621753,0:00:04.538776,0:24:13.160528",1453.160528421402,50,0.01,False,0.5,64.0,32.0
DL_embedding_results_2023-04-14-20-39-29,Asthma,GloVe,0.6755963770889143,0.4,0.653012048192771,0.8375,"Trn,Eval,Ttl=0:33:40.734076,0:00:06.084321,0:33:46.818397",2026.8183965682983,50,0.01,False,0.5,64.0,64.0
DL_embedding_results_2023-04-14-20-39-29,Asthma,GloVe,0.6526342645745631,0.4117647058823529,0.6573386636207881,0.8333333333333334,"Trn,Eval,Ttl=0:51:23.684003,0:00:09.115034,0:51:32.799037",3092.799036979676,50,0.01,False,0.5,64.0,128.0
DL_embedding_results_2023-04-14-20-39-29,Asthma,GloVe,0.63362673810435,0.16,0.5311627906976744,0.825,"Trn,Eval,Ttl=0:17:01.739200,0:00:03.547326,0:17:05.286526",1025.2865262031555,50,0.01,False,0.0,128.0,32.0
DL_embedding_results_2023-04-14-20-39-29,Asthma,GloVe,0.6426840158183441,0.3333333333333333,0.6244131455399062,0.85,"Trn,Eval,Ttl=0:22:16.996561,0:00:04.145139,0:22:21.141700",1341.141699552536,50,0.01,False,0.0,128.0,64.0
DL_embedding_results_2023-04-14-20-39-29,Asthma,GloVe,0.6227835183059063,0.3018867924528302,0.6076178692943308,0.8458333333333333,"Trn,Eval,Ttl=0:27:35.351249,0:00:04.656602,0:27:40.007850",1660.0078501701355,50,0.01,False,0.0,128.0,128.0
DL_embedding_results_2023-04-14-20-39-29,Asthma,GloVe,0.7239443806607986,0.4838709677419355,0.7036579719092453,0.8666666666666667,"Trn,Eval,Ttl=0:21:48.740036,0:00:04.181331,0:21:52.921367",1312.9213671684265,50,0.01,False,0.1,128.0,32.0
DL_embedding_results_2023-04-14-20-39-29,Asthma,GloVe,0.7189692562826892,0.4571428571428572,0.6822299651567945,0.8416666666666667,"Trn,Eval,Ttl=0:32:02.294454,0:00:06.674283,0:32:08.968738",1928.968737602234,50,0.01,False,0.1,128.0,64.0
DL_embedding_results_2023-04-14-20-39-29,Asthma,GloVe,0.6689628779181018,0.4262295081967213,0.6713486443131578,0.8541666666666666,"Trn,Eval,Ttl=0:50:26.854499,0:00:06.957014,0:50:33.811513",3033.811513185501,50,0.01,False,0.1,128.0,128.0
DL_embedding_results_2023-04-14-20-39-29,Asthma,GloVe,0.7375940808776629,0.4285714285714286,0.6655052264808363,0.8333333333333334,"Trn,Eval,Ttl=0:23:06.238328,0:00:04.645130,0:23:10.883458",1390.8834583759308,50,0.01,False,0.5,128.0,32.0
DL_embedding_results_2023-04-14-20-39-29,Asthma,GloVe,0.7189692562826892,0.4477611940298507,0.67908640815294,0.8458333333333333,"Trn,Eval,Ttl=0:32:03.298629,0:00:05.498611,0:32:08.797240",1928.7972400188448,50,0.01,False,0.5,128.0,64.0
DL_embedding_results_2023-04-14-20-39-29,Asthma,GloVe,0.6778925883403496,0.4109589041095891,0.6526538992292417,0.8208333333333333,"Trn,Eval,Ttl=0:50:56.688663,0:00:07.172419,0:51:03.861082",3063.861082315445,50,0.01,False,0.5,128.0,128.0
DL_embedding_results_2023-04-14-20-39-29,Asthma,GloVe,0.6420461793596122,0.339622641509434,0.62882771419734,0.8541666666666666,"Trn,Eval,Ttl=0:15:39.886606,0:00:03.350858,0:15:43.237464",943.2374641895294,50,0.01,False,0.0,256.0,32.0
DL_embedding_results_2023-04-14-20-39-29,Asthma,GloVe,0.6194667687205001,0.3529411764705882,0.6380090497737556,0.8625,"Trn,Eval,Ttl=0:20:08.827356,0:00:03.574013,0:20:12.401370",1212.4013695716858,50,0.01,False,0.0,256.0,64.0
DL_embedding_results_2023-04-14-20-39-29,Asthma,GloVe,0.6211251435132031,0.3846153846153846,0.6549245147375988,0.8666666666666667,"Trn,Eval,Ttl=0:28:37.327824,0:00:03.814876,0:28:41.142700",1721.1426997184751,50,0.01,False,0.0,256.0,128.0
DL_embedding_results_2023-04-14-20-39-29,Asthma,GloVe,0.6692180125015946,0.0,0.4557823129251701,0.8375,"Trn,Eval,Ttl=0:19:41.886394,0:00:03.528896,0:19:45.415290",1185.4152898788452,50,0.01,False,0.1,256.0,32.0
DL_embedding_results_2023-04-14-20-39-29,Asthma,GloVe,0.7615767317259855,0.25,0.5833333333333334,0.85,"Trn,Eval,Ttl=0:31:07.488286,0:00:04.547309,0:31:12.035595",1872.035594701767,50,0.01,False,0.1,256.0,64.0
DL_embedding_results_2023-04-14-20-39-29,Asthma,GloVe,0.7534124250542161,0.53125,0.7295673076923077,0.875,"Trn,Eval,Ttl=0:48:11.361860,0:00:05.257732,0:48:16.619591",2896.6195912361145,50,0.01,False,0.1,256.0,128.0
DL_embedding_results_2023-04-14-20-39-29,Asthma,GloVe,0.7765021048603139,0.449438202247191,0.662059254576281,0.7958333333333333,"Trn,Eval,Ttl=0:19:58.817622,0:00:04.178251,0:20:02.995873",1202.9958729743958,50,0.01,False,0.5,256.0,32.0
DL_embedding_results_2023-04-14-20-39-29,Asthma,GloVe,0.7148871029468044,0.4285714285714285,0.6409872849663425,0.7666666666666667,"Trn,Eval,Ttl=0:28:23.901556,0:00:04.529829,0:28:28.431384",1708.431384086609,50,0.01,False,0.5,256.0,64.0
DL_embedding_results_2023-04-14-20-39-29,Asthma,GloVe,0.638729429774206,0.3666666666666666,0.638095238095238,0.8416666666666667,"Trn,Eval,Ttl=0:43:55.577007,0:00:07.186817,0:44:02.763824",2642.763823747635,50,0.01,False,0.5,256.0,128.0
DL_embedding_results_2023-04-14-20-39-29,Asthma,GloVe,0.5856614364077051,0.2448979591836735,0.5795255457171268,0.8458333333333333,"Trn,Eval,Ttl=0:31:54.898997,0:00:04.520504,0:31:59.419502",1919.419501781464,75,0.01,False,0.0,64.0,32.0
DL_embedding_results_2023-04-14-20-39-29,Asthma,GloVe,0.5796657736956244,0.125,0.513888888888889,0.825,"Trn,Eval,Ttl=0:39:39.588159,0:00:05.858670,0:39:45.446829",2385.4468286037445,75,0.01,False,0.0,64.0,64.0
DL_embedding_results_2023-04-14-20-39-29,Asthma,GloVe,0.6050516647531573,0.3333333333333333,0.6244131455399062,0.85,"Trn,Eval,Ttl=0:52:21.796108,0:00:06.092317,0:52:27.888425",3147.888425350189,75,0.01,False,0.0,64.0,128.0
DL_embedding_results_2023-04-14-20-39-29,Asthma,GloVe,0.7678275290215589,0.5142857142857143,0.7156794425087109,0.8583333333333333,"Trn,Eval,Ttl=0:35:31.171549,0:00:04.750073,0:35:35.921622",2135.921622037888,75,0.01,False,0.1,64.0,32.0
DL_embedding_results_2023-04-14-20-39-29,Asthma,GloVe,0.8270187523918867,0.619718309859155,0.7768518199662523,0.8875,"Trn,Eval,Ttl=0:49:25.762318,0:00:06.027234,0:49:31.789552",2971.7895517349243,75,0.01,False,0.1,64.0,64.0
DL_embedding_results_2023-04-14-20-39-29,Asthma,GloVe,0.5966322234978951,0.375,0.639423076923077,0.8333333333333334,"Trn,Eval,Ttl=1:17:22.659955,0:00:09.074368,1:17:31.734322",4651.734322071075,75,0.01,False,0.1,64.0,128.0
DL_embedding_results_2023-04-14-20-39-29,Asthma,GloVe,0.614236509758898,0.368421052631579,0.6248045857217301,0.8000000000000002,"Trn,Eval,Ttl=0:35:11.406655,0:00:04.678380,0:35:16.085035",2116.0850353240967,75,0.01,False,0.5,64.0,32.0
DL_embedding_results_2023-04-14-20-39-29,Asthma,GloVe,0.7560913381808905,0.463768115942029,0.6868718925208929,0.8458333333333333,"Trn,Eval,Ttl=0:49:03.813809,0:00:06.280563,0:49:10.094372",2950.0943722724915,75,0.01,False,0.5,64.0,64.0
DL_embedding_results_2023-04-14-20-39-29,Asthma,GloVe,0.6851639239698941,0.4117647058823529,0.6573386636207881,0.8333333333333334,"Trn,Eval,Ttl=1:16:10.689234,0:00:08.871494,1:16:19.560727",4579.560727119446,75,0.01,False,0.5,64.0,128.0
DL_embedding_results_2023-04-14-20-39-29,Asthma,GloVe,0.5547901518050773,0.1739130434782608,0.5431777198958123,0.8416666666666667,"Trn,Eval,Ttl=0:25:59.287791,0:00:03.437083,0:26:02.724874",1562.7248735427856,75,0.01,False,0.0,128.0,32.0
DL_embedding_results_2023-04-14-20-39-29,Asthma,GloVe,0.6363056512310243,0.4444444444444444,0.6870109546165883,0.875,"Trn,Eval,Ttl=0:32:01.600722,0:00:04.215801,0:32:05.816523",1925.8165225982664,75,0.01,False,0.0,128.0,64.0
DL_embedding_results_2023-04-14-20-39-29,Asthma,GloVe,0.6355402474805459,0.3703703703703703,0.6452790818988001,0.8583333333333333,"Trn,Eval,Ttl=0:43:49.328844,0:00:04.796143,0:43:54.124986",2634.124986410141,75,0.01,False,0.0,128.0,128.0
DL_embedding_results_2023-04-14-20-39-29,Asthma,GloVe,0.791682612578135,0.4705882352941176,0.6916047972587093,0.85,"Trn,Eval,Ttl=0:32:40.070251,0:00:03.983437,0:32:44.053688",1964.0536878108976,75,0.01,False,0.1,128.0,32.0
DL_embedding_results_2023-04-14-20-39-29,Asthma,GloVe,0.6415359101926266,0.40625,0.6574519230769231,0.8416666666666667,"Trn,Eval,Ttl=0:45:24.250392,0:00:05.356371,0:45:29.606763",2729.606762886048,75,0.01,False,0.1,128.0,64.0
DL_embedding_results_2023-04-14-20-39-29,Asthma,GloVe,0.6291618828932262,0.3235294117647059,0.6059394631639063,0.8083333333333333,"Trn,Eval,Ttl=1:09:29.786365,0:00:06.905420,1:09:36.691784",4176.6917843818665,75,0.01,False,0.1,128.0,128.0
DL_embedding_results_2023-04-14-20-39-29,Asthma,GloVe,0.8401581834417655,0.553846153846154,0.7419833178869324,0.8791666666666667,"Trn,Eval,Ttl=0:33:17.335298,0:00:04.028481,0:33:21.363779",2001.363778591156,75,0.01,False,0.5,128.0,32.0
DL_embedding_results_2023-04-14-20-39-29,Asthma,GloVe,0.6388569970659522,0.4193548387096774,0.6666152183979008,0.85,"Trn,Eval,Ttl=0:47:20.864270,0:00:05.389748,0:47:26.254019",2846.2540187835693,75,0.01,False,0.5,128.0,64.0
DL_embedding_results_2023-04-14-20-39-29,Asthma,GloVe,0.6489348131139175,0.417910447761194,0.6617397275125583,0.8375,"Trn,Eval,Ttl=1:04:39.560572,0:00:06.916584,1:04:46.477156",3886.477156400681,75,0.01,False,0.5,128.0,128.0
DL_embedding_results_2023-04-14-20-39-29,Asthma,GloVe,0.6087511162138027,0.2264150943396226,0.5651981794883125,0.8291666666666667,"Trn,Eval,Ttl=0:22:21.555367,0:00:03.702255,0:22:25.257621",1345.257621049881,75,0.01,False,0.0,256.0,32.0
DL_embedding_results_2023-04-14-20-39-29,Asthma,GloVe,0.6208700089297104,0.2448979591836735,0.5795255457171268,0.8458333333333333,"Trn,Eval,Ttl=0:29:27.090732,0:00:03.471858,0:29:30.562590",1770.5625898838043,75,0.01,False,0.0,256.0,64.0
DL_embedding_results_2023-04-14-20-39-29,Asthma,GloVe,0.6470213037377216,0.4067796610169492,0.6618221345464794,0.8541666666666666,"Trn,Eval,Ttl=0:39:30.386634,0:00:03.918670,0:39:34.305304",2374.3053040504456,75,0.01,False,0.0,256.0,128.0
DL_embedding_results_2023-04-14-20-39-29,Asthma,GloVe,0.7897691032019389,0.4262295081967213,0.6713486443131578,0.8541666666666666,"Trn,Eval,Ttl=0:29:20.828983,0:00:03.595789,0:29:24.424772",1764.4247722625732,75,0.01,False,0.1,256.0,32.0
DL_embedding_results_2023-04-14-20-39-29,Asthma,GloVe,0.8138793213420079,0.5142857142857143,0.7156794425087109,0.8583333333333333,"Trn,Eval,Ttl=0:38:18.027023,0:00:04.308452,0:38:22.335476",2302.3354756832123,75,0.01,False,0.1,256.0,64.0
DL_embedding_results_2023-04-14-20-39-29,Asthma,GloVe,0.6729174639622401,0.3478260869565217,0.6191685179308156,0.8125,"Trn,Eval,Ttl=0:58:54.991587,0:00:05.077510,0:59:00.069097",3540.069097042084,75,0.01,False,0.1,256.0,128.0
DL_embedding_results_2023-04-14-20-39-29,Asthma,GloVe,0.7534124250542161,0.3692307692307692,0.6352177942539389,0.8291666666666667,"Trn,Eval,Ttl=0:28:55.091367,0:00:03.684184,0:28:58.775550",1738.775550365448,75,0.01,False,0.5,256.0,32.0
DL_embedding_results_2023-04-14-20-39-29,Asthma,GloVe,0.7955096313305269,0.4878048780487805,0.6911386199289129,0.825,"Trn,Eval,Ttl=0:40:47.706542,0:00:05.011002,0:40:52.717544",2452.7175438404083,75,0.01,False,0.5,256.0,64.0
DL_embedding_results_2023-04-14-20-39-29,Asthma,GloVe,0.6601607347876004,0.375,0.639423076923077,0.8333333333333334,"Trn,Eval,Ttl=1:00:12.985066,0:00:05.160668,1:00:18.145734",3618.145733833313,75,0.01,False,0.5,256.0,128.0
DL_embedding_results_2023-04-14-20-39-29,Asthma,GloVe,0.5545350172215844,0.0869565217391304,0.4950911640953717,0.825,"Trn,Eval,Ttl=0:09:46.019782,0:00:04.142810,0:09:50.162592",590.1625916957855,25,0.001,False,0.0,64.0,32.0
DL_embedding_results_2023-04-14-20-39-29,Asthma,GloVe,0.5282561551218269,0.08,0.4865116279069767,0.8083333333333333,"Trn,Eval,Ttl=0:11:52.066945,0:00:04.892140,0:11:56.959085",716.9590849876404,25,0.001,False,0.0,64.0,64.0
DL_embedding_results_2023-04-14-20-39-29,Asthma,GloVe,0.6419186120678658,0.217391304347826,0.567220997796033,0.85,"Trn,Eval,Ttl=0:16:17.854514,0:00:06.058215,0:16:23.912729",983.9127290248872,25,0.001,False,0.0,64.0,128.0
DL_embedding_results_2023-04-14-20-39-29,Asthma,GloVe,0.6285240464344942,0.1777777777777777,0.546360153256705,0.8458333333333333,"Trn,Eval,Ttl=0:11:36.652463,0:00:04.549749,0:11:41.202213",701.2022125720978,25,0.001,False,0.1,64.0,32.0
DL_embedding_results_2023-04-14-20-39-29,Asthma,GloVe,0.6003316749585406,0.3466666666666667,0.6128395061728396,0.7958333333333333,"Trn,Eval,Ttl=0:16:00.103958,0:00:05.855232,0:16:05.959190",965.9591901302338,25,0.001,False,0.1,64.0,64.0
DL_embedding_results_2023-04-16-15-24-08,Asthma,GloVe,0.5310626355402475,0.0,0.4557823129251701,0.8375,"Trn,Eval,Ttl=0:01:25.368337,0:00:04.586225,0:01:29.954563",89.95456266403198,1,0.01,False,0.1,256.0,64.0
DL_embedding_results_2023-04-16-15-24-08,Asthma,FastText,0.480673555300421,0.0,0.4557823129251701,0.8375,"Trn,Eval,Ttl=0:00:43.751954,0:00:07.414562,0:00:51.166516",51.166515588760376,1,0.001,False,0.1,256.0,64.0
DL_embedding_results_2023-04-16-15-24-08,Asthma,USE,0.5037632351065187,0.0,0.4557823129251701,0.8375,"Trn,Eval,Ttl=0:00:46.002690,0:00:10.303399,0:00:56.306090",56.306089639663696,1,0.01,False,0.1,256.0,64.0
DL_embedding_results_2023-04-16-20-26-28,Asthma,GloVe,0.6650082918739635,0.3636363636363636,0.6406417112299465,0.8541666666666666,"Trn,Eval,Ttl=0:12:04.296558,0:00:04.786750,0:12:09.083307",729.0833072662354,25,0.01,False,0.0,64.0,64.0
DL_embedding_results_2023-04-16-20-26-28,Asthma,GloVe,0.6747034060466897,0.3137254901960783,0.6160702043054984,0.8541666666666666,"Trn,Eval,Ttl=0:15:56.487591,0:00:06.102070,0:16:02.589661",962.5896606445312,25,0.01,False,0.0,64.0,128.0
DL_embedding_results_2023-04-16-20-26-28,Asthma,GloVe,0.6891185100140323,0.3999999999999999,0.6651162790697673,0.875,"Trn,Eval,Ttl=0:14:43.093268,0:00:06.087465,0:14:49.180734",889.1807336807251,25,0.01,False,0.1,64.0,64.0
DL_embedding_results_2023-04-16-20-26-28,Asthma,GloVe,0.6896287791810181,0.4117647058823529,0.6573386636207881,0.8333333333333334,"Trn,Eval,Ttl=0:22:07.683360,0:00:07.673151,0:22:15.356511",1335.3565111160278,25,0.01,False,0.1,64.0,128.0
DL_embedding_results_2023-04-16-20-26-28,Asthma,GloVe,0.6659012629161882,0.4561403508771929,0.6914271494338684,0.8708333333333333,"Trn,Eval,Ttl=0:14:21.712296,0:00:05.521037,0:14:27.233332",867.2333323955536,25,0.01,False,0.5,64.0,64.0
DL_embedding_results_2023-04-16-20-26-28,Asthma,GloVe,0.6440872560275545,0.3582089552238806,0.627046366231795,0.8208333333333333,"Trn,Eval,Ttl=0:22:06.960369,0:00:07.745227,0:22:14.705596",1334.7055959701538,25,0.01,False,0.5,64.0,128.0
DL_embedding_results_2023-04-16-20-26-28,Asthma,GloVe,0.6213802780966959,0.3333333333333333,0.6244131455399062,0.85,"Trn,Eval,Ttl=0:09:50.242401,0:00:03.595910,0:09:53.838311",593.8383111953735,25,0.01,False,0.0,128.0,64.0
DL_embedding_results_2023-04-16-20-26-28,Asthma,GloVe,0.6522515626993239,0.3333333333333333,0.6244131455399062,0.85,"Trn,Eval,Ttl=0:12:44.395715,0:00:04.592705,0:12:48.988420",768.988420009613,25,0.01,False,0.0,128.0,128.0
DL_embedding_results_2023-04-16-20-26-28,Asthma,GloVe,0.7168006123230004,0.459016393442623,0.6901287217809773,0.8625,"Trn,Eval,Ttl=0:13:09.547588,0:00:04.565492,0:13:14.113081",794.1130805015564,25,0.01,False,0.1,128.0,64.0
DL_embedding_results_2023-04-16-20-26-28,Asthma,GloVe,0.6443423906110473,0.4411764705882353,0.6744717304397487,0.8416666666666667,"Trn,Eval,Ttl=0:25:20.687473,0:00:07.704155,0:25:28.391628",1528.3916282653809,25,0.01,False,0.1,128.0,128.0
DL_embedding_results_2023-04-16-20-26-28,Asthma,GloVe,0.8025258323765786,0.6,0.76,0.8666666666666667,"Trn,Eval,Ttl=0:12:58.087557,0:00:04.329300,0:13:02.416857",782.4168572425842,25,0.01,False,0.5,128.0,64.0
DL_embedding_results_2023-04-16-20-26-28,Asthma,GloVe,0.6297997193519582,0.3773584905660377,0.6500375591003491,0.8625,"Trn,Eval,Ttl=0:21:02.315636,0:00:06.180369,0:21:08.496006",1268.4960055351255,25,0.01,False,0.5,128.0,128.0
DL_embedding_results_2023-04-16-20-26-28,Asthma,GloVe,0.645490496236765,0.3137254901960783,0.6160702043054984,0.8541666666666666,"Trn,Eval,Ttl=0:22:29.669014,0:00:05.401084,0:22:35.070099",1355.0700986385343,50,0.01,False,0.0,64.0,64.0
DL_embedding_results_2023-04-16-20-26-28,Asthma,GloVe,0.6444699579027937,0.3461538461538461,0.6333572969086987,0.8583333333333333,"Trn,Eval,Ttl=0:29:40.369450,0:00:05.562942,0:29:45.932391",1785.9323914051056,50,0.01,False,0.0,64.0,128.0
DL_embedding_results_2023-04-16-20-26-28,Asthma,GloVe,0.5917846664115322,0.3333333333333333,0.619047619047619,0.8333333333333334,"Trn,Eval,Ttl=0:29:06.310509,0:00:05.180036,0:29:11.490546",1751.4905455112455,50,0.01,False,0.1,64.0,64.0
DL_embedding_results_2023-04-16-20-26-28,Asthma,GloVe,0.6656461283326954,0.4477611940298507,0.67908640815294,0.8458333333333333,"Trn,Eval,Ttl=0:43:39.153938,0:00:07.085242,0:43:46.239180",2626.239180088043,50,0.01,False,0.1,64.0,128.0
DL_embedding_results_2023-04-16-20-26-28,Asthma,GloVe,0.6722796275035081,0.4375,0.6754807692307692,0.85,"Trn,Eval,Ttl=0:28:39.376840,0:00:05.241547,0:28:44.618387",1724.6183865070343,50,0.01,False,0.5,64.0,64.0
DL_embedding_results_2023-04-16-20-26-28,Asthma,GloVe,0.635540247480546,0.3666666666666666,0.638095238095238,0.8416666666666667,"Trn,Eval,Ttl=0:42:26.768253,0:00:06.707234,0:42:33.475487",2553.475487470627,50,0.01,False,0.5,64.0,128.0
DL_embedding_results_2023-04-16-20-26-28,Asthma,GloVe,0.5615512182676361,0.1666666666666666,0.537037037037037,0.8333333333333334,"Trn,Eval,Ttl=0:19:35.786803,0:00:03.972471,0:19:39.759274",1179.75927400589,50,0.01,False,0.0,128.0,64.0
DL_embedding_results_2023-04-16-20-26-28,Asthma,GloVe,0.6485521112386785,0.3928571428571429,0.65633423180593,0.8583333333333333,"Trn,Eval,Ttl=0:26:35.534640,0:00:04.419150,0:26:39.953790",1599.9537899494171,50,0.01,False,0.0,128.0,128.0
DL_embedding_results_2023-04-16-20-26-28,Asthma,GloVe,0.6776374537568567,0.4375,0.6754807692307692,0.85,"Trn,Eval,Ttl=0:25:28.835928,0:00:04.226159,0:25:33.062087",1533.0620872974396,50,0.01,False,0.1,128.0,64.0
DL_embedding_results_2023-04-16-20-26-28,Asthma,GloVe,0.5656333716035209,0.3,0.6,0.825,"Trn,Eval,Ttl=0:40:26.426323,0:00:06.199450,0:40:32.625773",2432.6257734298706,50,0.01,False,0.1,128.0,128.0
DL_embedding_results_2023-04-16-20-26-28,Asthma,GloVe,0.7116979206531444,0.4776119402985074,0.6964330887933216,0.8541666666666666,"Trn,Eval,Ttl=0:24:53.050242,0:00:04.412584,0:24:57.462826",1497.462826013565,50,0.01,False,0.5,128.0,64.0
DL_embedding_results_2023-04-16-20-26-28,Asthma,GloVe,0.6965174129353234,0.4242424242424242,0.6662274923144488,0.8416666666666667,"Trn,Eval,Ttl=0:45:36.950536,0:00:05.729975,0:45:42.680511",2742.6805107593536,50,0.01,False,0.5,128.0,128.0
DL_embedding_results_2023-04-16-20-26-28,Asthma,GloVe,0.5601479780584259,0.1739130434782608,0.5431777198958123,0.8416666666666667,"Trn,Eval,Ttl=0:44:47.404236,0:00:04.893371,0:44:52.297607",2692.297606945038,100,0.01,False,0.0,64.0,64.0
DL_embedding_results_2023-04-16-20-26-28,Asthma,GloVe,0.6525066972828167,0.32,0.6204651162790698,0.8583333333333333,"Trn,Eval,Ttl=0:58:01.447873,0:00:05.307409,0:58:06.755282",3486.7552819252014,100,0.01,False,0.0,64.0,128.0
DL_embedding_results_2023-04-16-20-26-28,Asthma,GloVe,0.6796785304247991,0.4375,0.6754807692307692,0.85,"Trn,Eval,Ttl=0:58:13.556551,0:00:05.813246,0:58:19.369797",3499.3697969913483,100,0.01,False,0.1,64.0,64.0
DL_embedding_results_2023-04-16-20-26-28,Asthma,GloVe,0.6309478249776758,0.360655737704918,0.6337884893775186,0.8375,"Trn,Eval,Ttl=1:25:42.512317,0:00:07.894736,1:25:50.407053",5150.407053232193,100,0.01,False,0.1,64.0,128.0
DL_embedding_results_2023-04-16-20-26-28,Asthma,GloVe,0.7687205000637837,0.523076923076923,0.7241890639481001,0.8708333333333333,"Trn,Eval,Ttl=0:58:40.760570,0:00:05.271086,0:58:46.031657",3526.0316565036774,100,0.01,False,0.5,64.0,64.0
DL_embedding_results_2023-04-16-20-26-28,Asthma,GloVe,0.6439596887358081,0.3870967741935484,0.6480938416422287,0.8416666666666667,"Trn,Eval,Ttl=1:25:16.554422,0:00:08.147078,1:25:24.701500",5124.701500415802,100,0.01,False,0.5,64.0,128.0
DL_embedding_results_2023-04-16-20-26-28,Asthma,GloVe,0.6673045031253987,0.4262295081967213,0.6713486443131578,0.8541666666666666,"Trn,Eval,Ttl=0:38:28.895445,0:00:03.699816,0:38:32.595260",2312.5952603816986,100,0.01,False,0.0,128.0,64.0
DL_embedding_results_2023-04-16-20-26-28,Asthma,GloVe,0.6634774843730067,0.3461538461538461,0.6333572969086987,0.8583333333333333,"Trn,Eval,Ttl=0:53:06.036802,0:00:04.641052,0:53:10.677854",3190.6778540611267,100,0.01,False,0.0,128.0,128.0
DL_embedding_results_2023-04-16-20-26-28,Asthma,GloVe,0.7041714504401071,0.417910447761194,0.6617397275125583,0.8375,"Trn,Eval,Ttl=0:50:33.030454,0:00:04.636321,0:50:37.666775",3037.666774749756,100,0.01,False,0.1,128.0,64.0
DL_embedding_results_2023-04-16-20-26-28,Asthma,GloVe,0.6454904962367649,0.2950819672131147,0.5962283344418796,0.8208333333333333,"Trn,Eval,Ttl=1:17:17.670206,0:00:06.515738,1:17:24.185943",4644.185943365097,100,0.01,False,0.1,128.0,128.0
DL_embedding_results_2023-04-16-20-26-28,Asthma,GloVe,0.7902793723689245,0.5151515151515151,0.7189284145805885,0.8666666666666667,"Trn,Eval,Ttl=0:53:17.604713,0:00:04.746581,0:53:22.351294",3202.35129404068,100,0.01,False,0.5,128.0,64.0
DL_embedding_results_2023-04-16-20-26-28,Asthma,GloVe,0.607475443296339,0.3880597014925373,0.6443930468721767,0.8291666666666667,"Trn,Eval,Ttl=1:14:36.595791,0:00:06.100800,1:14:42.696591",4482.69659113884,100,0.01,False,0.5,128.0,128.0
DL_embedding_results_2023-04-16-20-26-28,Asthma,GloVe,0.6027554535017221,0.163265306122449,0.5340688479568161,0.8291666666666667,"Trn,Eval,Ttl=0:10:35.779205,0:00:04.322518,0:10:40.101723",640.1017231941223,25,0.001,False,0.0,64.0,64.0
DL_embedding_results_2023-04-16-20-26-28,Asthma,GloVe,0.6852914912616406,0.2083333333333333,0.5601851851851851,0.8416666666666667,"Trn,Eval,Ttl=0:13:46.915824,0:00:06.381326,0:13:53.297150",833.2971498966217,25,0.001,False,0.0,64.0,128.0
DL_embedding_results_2023-04-16-20-26-28,Asthma,GloVe,0.6264829697665518,0.1818181818181818,0.5379679144385027,0.8125,"Trn,Eval,Ttl=0:15:14.236542,0:00:05.921962,0:15:20.158504",920.1585037708282,25,0.001,False,0.1,64.0,64.0
DL_embedding_results_2023-04-16-20-26-28,Asthma,GloVe,0.6850363566781476,0.4307692307692308,0.6708063021316033,0.8458333333333333,"Trn,Eval,Ttl=0:21:06.651087,0:00:07.065297,0:21:13.716384",1273.7163836956024,25,0.001,False,0.1,64.0,128.0
DL_embedding_results_2023-04-16-20-26-28,Asthma,GloVe,0.5994387039163159,0.3055555555555555,0.5915032679738562,0.7916666666666666,"Trn,Eval,Ttl=0:14:16.754521,0:00:05.212732,0:14:21.967253",861.967253446579,25,0.001,False,0.5,64.0,64.0
DL_embedding_results_2023-04-16-20-26-28,Asthma,GloVe,0.6755963770889144,0.3174603174603174,0.6071714057325568,0.8208333333333333,"Trn,Eval,Ttl=0:20:44.330509,0:00:06.990131,0:20:51.320640",1251.320639848709,25,0.001,False,0.5,64.0,128.0
DL_embedding_results_2023-04-16-20-26-28,Asthma,GloVe,0.6351575456053068,0.16,0.5311627906976744,0.825,"Trn,Eval,Ttl=0:09:22.295220,0:00:03.621534,0:09:25.916754",565.916754245758,25,0.001,False,0.0,128.0,64.0
DL_embedding_results_2023-04-16-20-26-28,Asthma,GloVe,0.6119402985074627,0.2040816326530612,0.5567971968369715,0.8375,"Trn,Eval,Ttl=0:12:28.981240,0:00:04.567337,0:12:33.548577",753.5485770702362,25,0.001,False,0.0,128.0,128.0
DL_embedding_results_2023-04-16-20-26-28,Asthma,GloVe,0.626227835183059,0.3294117647058823,0.592553983618764,0.7625,"Trn,Eval,Ttl=0:12:06.899770,0:00:04.249726,0:12:11.149496",731.1494963169098,25,0.001,False,0.1,128.0,64.0
DL_embedding_results_2023-04-16-20-26-28,Asthma,GloVe,0.6319683633116469,0.360655737704918,0.6337884893775186,0.8375,"Trn,Eval,Ttl=0:18:23.479365,0:00:06.472732,0:18:29.952097",1109.952096939087,25,0.001,False,0.1,128.0,128.0
DL_embedding_results_2023-04-16-20-26-28,Asthma,GloVe,0.7004719989794617,0.3544303797468355,0.6136241674295275,0.7875,"Trn,Eval,Ttl=0:12:08.827762,0:00:04.300082,0:12:13.127845",733.1278445720673,25,0.001,False,0.5,128.0,64.0
DL_embedding_results_2023-04-16-20-26-28,Asthma,GloVe,0.6332440362291109,0.3793103448275862,0.6470011439777742,0.85,"Trn,Eval,Ttl=0:18:26.710945,0:00:06.165934,0:18:32.876878",1112.8768782615662,25,0.001,False,0.5,128.0,128.0
DL_embedding_results_2023-04-16-20-26-28,Asthma,GloVe,0.6058170685036356,0.163265306122449,0.5340688479568161,0.8291666666666667,"Trn,Eval,Ttl=0:21:56.084166,0:00:04.562993,0:22:00.647160",1320.647159576416,50,0.001,False,0.0,64.0,64.0
DL_embedding_results_2023-04-16-20-26-28,Asthma,GloVe,0.6300548539354509,0.2142857142857143,0.555256064690027,0.8166666666666667,"Trn,Eval,Ttl=0:28:41.498156,0:00:05.592666,0:28:47.090822",1727.090821504593,50,0.001,False,0.0,64.0,128.0
DL_embedding_results_2023-04-16-20-26-28,Asthma,GloVe,0.7017476718969256,0.5142857142857143,0.7156794425087109,0.8583333333333333,"Trn,Eval,Ttl=0:28:37.296172,0:00:05.459083,0:28:42.755255",1722.755254983902,50,0.001,False,0.1,64.0,64.0
DL_embedding_results_2023-04-16-20-26-28,Asthma,GloVe,0.6775098864651103,0.4193548387096774,0.6666152183979008,0.85,"Trn,Eval,Ttl=0:41:18.456973,0:00:07.000628,0:41:25.457600",2485.4576003551483,50,0.001,False,0.1,64.0,128.0
DL_embedding_results_2023-04-16-20-26-28,Asthma,GloVe,0.6636050516647531,0.3283582089552238,0.6096996855914134,0.8125,"Trn,Eval,Ttl=0:28:39.769991,0:00:05.602473,0:28:45.372464",1725.372463941574,50,0.001,False,0.5,64.0,64.0
DL_embedding_results_2023-04-16-20-26-28,Asthma,GloVe,0.6979206531445337,0.3548387096774194,0.6295724648865566,0.8333333333333334,"Trn,Eval,Ttl=0:42:00.567259,0:00:09.322240,0:42:09.889500",2529.889499664306,50,0.001,False,0.5,64.0,128.0
DL_embedding_results_2023-04-16-20-26-28,Asthma,GloVe,0.6928179614746779,0.2553191489361702,0.5872438700800944,0.8541666666666666,"Trn,Eval,Ttl=0:18:32.812832,0:00:03.541043,0:18:36.353875",1116.35387468338,50,0.001,False,0.0,128.0,64.0
DL_embedding_results_2023-04-16-20-26-28,Asthma,GloVe,0.7150146702385508,0.3571428571428571,0.6361185983827493,0.85,"Trn,Eval,Ttl=0:24:43.565364,0:00:04.806204,0:24:48.371568",1488.3715679645538,50,0.001,False,0.0,128.0,128.0
DL_embedding_results_2023-04-16-20-26-28,Asthma,GloVe,0.6971552493940554,0.2456140350877192,0.5719795943760109,0.8208333333333333,"Trn,Eval,Ttl=0:24:15.829921,0:00:04.247476,0:24:20.077397",1460.0773968696594,50,0.001,False,0.1,128.0,64.0
DL_embedding_results_2023-04-16-20-26-28,Asthma,GloVe,0.6420461793596123,0.2033898305084746,0.545875437819558,0.8041666666666667,"Trn,Eval,Ttl=0:36:31.071070,0:00:06.431788,0:36:37.502858",2197.502858400345,50,0.001,False,0.1,128.0,128.0
DL_embedding_results_2023-04-16-20-26-28,Asthma,GloVe,0.6734277331292257,0.375,0.639423076923077,0.8333333333333334,"Trn,Eval,Ttl=0:24:24.000743,0:00:04.202151,0:24:28.202895",1468.2028946876526,50,0.001,False,0.5,128.0,64.0
DL_embedding_results_2023-04-16-20-26-28,Asthma,GloVe,0.6974103839775482,0.360655737704918,0.6337884893775186,0.8375,"Trn,Eval,Ttl=0:36:41.584273,0:00:06.093416,0:36:47.677689",2207.6776888370514,50,0.001,False,0.5,128.0,128.0
DL_embedding_results_2023-04-16-20-26-28,Asthma,GloVe,0.616532721010333,0.2040816326530612,0.5567971968369715,0.8375,"Trn,Eval,Ttl=0:43:37.863771,0:00:04.552313,0:43:42.416084",2622.416084051132,100,0.001,False,0.0,64.0,64.0
DL_embedding_results_2023-04-16-20-26-28,Asthma,GloVe,0.6453629289450186,0.1666666666666666,0.537037037037037,0.8333333333333334,"Trn,Eval,Ttl=0:56:29.878670,0:00:05.767377,0:56:35.646047",3395.6460466384888,100,0.001,False,0.0,64.0,128.0
DL_embedding_results_2023-04-16-20-26-28,Asthma,GloVe,0.6271208062252839,0.4,0.653012048192771,0.8375,"Trn,Eval,Ttl=0:56:59.090046,0:00:05.264036,0:57:04.354083",3424.354082584381,100,0.001,False,0.1,64.0,64.0
DL_embedding_results_2023-04-16-20-26-28,Asthma,GloVe,0.6957520091848449,0.2413793103448276,0.5685569537506129,0.8166666666666667,"Trn,Eval,Ttl=1:22:51.918971,0:00:06.737453,1:22:58.656425",4978.6564245224,100,0.001,False,0.1,64.0,128.0
DL_embedding_results_2023-04-16-20-26-28,Asthma,GloVe,0.5519836713866565,0.1509433962264151,0.5227784896822942,0.8125,"Trn,Eval,Ttl=0:57:00.490721,0:00:05.281572,0:57:05.772293",3425.772292613983,100,0.001,False,0.5,64.0,64.0
DL_embedding_results_2023-04-16-20-26-28,Asthma,GloVe,0.7359357060849598,0.46875,0.6935096153846154,0.8583333333333333,"Trn,Eval,Ttl=1:23:28.772849,0:00:07.846578,1:23:36.619428",5016.619427680969,100,0.001,False,0.5,64.0,128.0
DL_embedding_results_2023-04-16-20-26-28,Asthma,GloVe,0.6725347620870008,0.1886792452830188,0.5439883345853033,0.8208333333333333,"Trn,Eval,Ttl=0:37:12.327787,0:00:04.069798,0:37:16.397585",2236.39758515358,100,0.001,False,0.0,128.0,64.0
DL_embedding_results_2023-04-16-20-26-28,Asthma,GloVe,0.6900114810562572,0.1785714285714285,0.5350404312668464,0.8083333333333333,"Trn,Eval,Ttl=0:50:05.966312,0:00:04.257281,0:50:10.223593",3010.223593235016,100,0.001,False,0.0,128.0,128.0
DL_embedding_results_2023-04-16-20-26-28,Asthma,GloVe,0.7326189564995534,0.4225352112676056,0.6611453562450498,0.8291666666666667,"Trn,Eval,Ttl=0:48:23.415285,0:00:04.922119,0:48:28.337404",2908.337403774261,100,0.001,False,0.1,128.0,64.0
DL_embedding_results_2023-04-16-20-26-28,Asthma,GloVe,0.6412807756091338,0.3793103448275862,0.6470011439777742,0.85,"Trn,Eval,Ttl=1:13:15.008032,0:00:06.512134,1:13:21.520166",4401.520166397095,100,0.001,False,0.1,128.0,128.0
DL_embedding_results_2023-04-16-20-26-28,Asthma,GloVe,0.6771271845898712,0.3333333333333333,0.6135265700483092,0.8166666666666667,"Trn,Eval,Ttl=0:48:45.497451,0:00:04.244965,0:48:49.742417",2929.7424166202545,100,0.001,False,0.5,128.0,64.0
DL_embedding_results_2023-04-16-20-26-28,Asthma,GloVe,0.7111876514861589,0.4347826086956522,0.6699460488733735,0.8375,"Trn,Eval,Ttl=1:12:50.432455,0:00:06.233953,1:12:56.666409",4376.666408538818,100,0.001,False,0.5,128.0,128.0
DL_embedding_results_2023-04-16-20-26-28,Asthma,FastText,0.4463579538206405,0.0701754385964912,0.4724399651611297,0.7791666666666667,"Trn,Eval,Ttl=0:25:59.072664,0:00:16.692897,0:26:15.765560",1575.765560388565,25,0.01,False,0.0,64.0,64.0
DL_embedding_results_2023-04-16-20-26-28,Asthma,FastText,0.536037759918357,0.1403508771929824,0.5122558168470822,0.7958333333333333,"Trn,Eval,Ttl=0:30:33.447942,0:00:17.527083,0:30:50.975025",1850.9750254154203,25,0.01,False,0.0,64.0,128.0
DL_embedding_results_2023-04-16-20-26-28,Asthma,FastText,0.5708636305651231,0.21875,0.5492788461538461,0.7916666666666666,"Trn,Eval,Ttl=0:29:01.369905,0:00:17.192446,0:29:18.562351",1758.562350988388,25,0.01,False,0.1,64.0,64.0
DL_embedding_results_2023-04-16-20-26-28,Asthma,FastText,0.536420461793596,0.0952380952380952,0.4792737238780404,0.7625,"Trn,Eval,Ttl=0:38:25.635479,0:00:25.024430,0:38:50.659909",2330.659909009933,25,0.01,False,0.1,64.0,128.0
DL_embedding_results_2023-04-16-20-26-28,Asthma,FastText,0.5648679678530425,0.1176470588235294,0.4860079954311821,0.75,"Trn,Eval,Ttl=0:28:25.994363,0:00:14.594496,0:28:40.588858",1720.5888583660126,25,0.01,False,0.5,64.0,64.0
DL_embedding_results_2023-04-16-20-26-28,Asthma,FastText,0.5249394055364205,0.1904761904761905,0.4819047619047619,0.6458333333333334,"Trn,Eval,Ttl=0:37:16.355670,0:00:21.856788,0:37:38.212458",2258.212458372116,25,0.01,False,0.5,64.0,128.0
DL_embedding_results_2023-04-16-20-26-28,Asthma,FastText,0.4945783901007782,0.0833333333333333,0.4907407407407407,0.8166666666666667,"Trn,Eval,Ttl=0:17:23.001206,0:00:08.762809,0:17:31.764015",1051.7640147209167,25,0.01,False,0.0,128.0,64.0
DL_embedding_results_2023-04-16-20-26-28,Asthma,FastText,0.5217502232427605,0.1290322580645161,0.4999228275968513,0.775,"Trn,Eval,Ttl=0:21:08.314019,0:00:11.428047,0:21:19.742066",1279.7420659065249,25,0.01,False,0.0,128.0,128.0
DL_embedding_results_2023-04-16-20-26-28,Asthma,FastText,0.6005868095420334,0.0,0.4557823129251701,0.8375,"Trn,Eval,Ttl=0:20:36.872062,0:00:11.810075,0:20:48.682137",1248.6821365356443,25,0.01,False,0.1,128.0,64.0
DL_embedding_results_2023-04-16-20-26-28,Asthma,FastText,0.6070927414210997,0.0,0.4557823129251701,0.8375,"Trn,Eval,Ttl=0:29:48.957700,0:00:13.326754,0:30:02.284455",1802.2844548225405,25,0.01,False,0.1,128.0,128.0
DL_embedding_results_2023-04-16-20-26-28,Asthma,FastText,0.5388442403367777,0.0,0.4557823129251701,0.8375,"Trn,Eval,Ttl=0:21:01.110202,0:00:09.235587,0:21:10.345789",1270.34578871727,25,0.01,False,0.5,128.0,64.0
DL_embedding_results_2023-04-16-20-26-28,Asthma,FastText,0.4995535144788877,0.0,0.4557823129251701,0.8375,"Trn,Eval,Ttl=0:27:00.446047,0:00:13.701730,0:27:14.147777",1634.1477768421173,25,0.01,False,0.5,128.0,128.0
DL_embedding_results_2023-04-16-20-26-28,Asthma,FastText,0.4962367648934812,0.0,0.4366197183098591,0.775,"Trn,Eval,Ttl=0:49:33.043871,0:00:13.509687,0:49:46.553558",2986.553558111191,50,0.01,False,0.0,64.0,64.0
DL_embedding_results_2023-04-16-20-26-28,Asthma,FastText,0.4795254496747033,0.1052631578947368,0.492347891004106,0.7875,"Trn,Eval,Ttl=0:58:18.530060,0:00:17.233763,0:58:35.763823",3515.763822793961,50,0.01,False,0.0,64.0,128.0
DL_embedding_results_2023-04-16-20-26-28,Asthma,FastText,0.548284219926011,0.0983606557377049,0.4835478696349622,0.7708333333333333,"Trn,Eval,Ttl=0:56:47.993989,0:00:17.916524,0:57:05.910513",3425.910512685776,50,0.01,False,0.1,64.0,64.0
DL_embedding_results_2023-04-16-20-26-28,Asthma,FastText,0.4792703150912106,0.1194029850746268,0.488272921108742,0.7541666666666665,"Trn,Eval,Ttl=1:14:11.664057,0:00:22.092915,1:14:33.756972",4473.756972312927,50,0.01,False,0.1,64.0,128.0
DL_embedding_results_2023-04-16-20-26-28,Asthma,FastText,0.5545350172215844,0.1311475409836065,0.5023279471027817,0.7791666666666667,"Trn,Eval,Ttl=0:57:13.755869,0:00:17.071747,0:57:30.827616",3450.827616214752,50,0.01,False,0.5,64.0,64.0
DL_embedding_results_2023-04-16-20-26-28,Asthma,FastText,0.4592422502870263,0.054054054054054,0.4408201304753028,0.7083333333333334,"Trn,Eval,Ttl=1:11:40.257461,0:00:23.378171,1:12:03.635632",4323.635631799698,50,0.01,False,0.5,64.0,128.0
DL_embedding_results_2023-04-16-20-26-28,Asthma,FastText,0.5325934430412043,0.1666666666666666,0.5238095238095238,0.7916666666666666,"Trn,Eval,Ttl=0:34:49.625204,0:00:08.748838,0:34:58.374042",2098.374042034149,50,0.01,False,0.0,128.0,64.0
DL_embedding_results_2023-04-16-20-26-28,Asthma,FastText,0.4836076030105881,0.135593220338983,0.5072265389105841,0.7875,"Trn,Eval,Ttl=0:44:33.365463,0:00:11.818376,0:44:45.183839",2685.1838393211365,50,0.01,False,0.0,128.0,128.0
DL_embedding_results_2023-04-16-20-26-28,Asthma,FastText,0.4773568057150147,0.0,0.4557823129251701,0.8375,"Trn,Eval,Ttl=0:39:16.491412,0:00:11.403074,0:39:27.894486",2367.89448595047,50,0.01,False,0.1,128.0,64.0
DL_embedding_results_2023-04-16-20-26-28,Asthma,FastText,0.6514861589488455,0.3,0.6,0.825,"Trn,Eval,Ttl=0:54:01.111540,0:00:14.634723,0:54:15.746263",3255.7462632656097,50,0.01,False,0.1,128.0,128.0
DL_embedding_results_2023-04-16-20-26-28,Asthma,FastText,0.6482969766551856,0.0,0.4557823129251701,0.8375,"Trn,Eval,Ttl=0:40:52.014245,0:00:11.168546,0:41:03.182791",2463.1827914714813,50,0.01,False,0.5,128.0,64.0
DL_embedding_results_2023-04-16-20-26-28,Asthma,FastText,0.5294042607475443,0.0816326530612245,0.4886121501965055,0.8125,"Trn,Eval,Ttl=0:55:29.581624,0:00:15.225613,0:55:44.807237",3344.8072373867035,50,0.01,False,0.5,128.0,128.0
DL_embedding_results_2023-04-16-20-26-28,Asthma,FastText,0.4661308840413318,0.0816326530612245,0.4886121501965055,0.8125,"Trn,Eval,Ttl=1:39:52.870195,0:00:13.735666,1:40:06.605860",6006.605860233307,100,0.01,False,0.0,64.0,64.0
DL_embedding_results_2023-04-16-20-26-28,Asthma,FastText,0.4985329761449164,0.1403508771929824,0.5122558168470822,0.7958333333333333,"Trn,Eval,Ttl=1:55:32.126980,0:00:16.489413,1:55:48.616393",6948.616392612457,100,0.01,False,0.0,64.0,128.0
DL_embedding_results_2023-04-16-20-26-28,Asthma,FastText,0.5470085470085471,0.1639344262295081,0.5211080245706013,0.7875,"Trn,Eval,Ttl=1:56:45.097941,0:00:14.867839,1:56:59.965779",7019.965779304504,100,0.01,False,0.1,64.0,64.0
DL_embedding_results_2023-04-16-20-26-28,Asthma,FastText,0.5031253986477867,0.08,0.4548148148148148,0.7125,"Trn,Eval,Ttl=2:24:35.780887,0:00:19.627273,2:24:55.408160",8695.408160448074,100,0.01,False,0.1,64.0,128.0
DL_embedding_results_2023-04-16-20-26-28,Asthma,FastText,0.5800484755708636,0.2162162162162162,0.5366795366795366,0.7583333333333333,"Trn,Eval,Ttl=1:55:50.222639,0:00:18.061624,1:56:08.284263",6968.2842626571655,100,0.01,False,0.5,64.0,64.0
