Loss,Epoch,Batch,Disease,Embedding,Epochs,Dropout,BatchSize,Hidden,LR
0.6670647,1,DL_embedding_results_2023-04-16-15-24-08,Asthma,GloVe,1,0.1,256,64,0.01
13.1405325,2,DL_embedding_results_2023-04-16-15-24-08,Asthma,GloVe,1,0.1,256,64,0.01
1.9674511,3,DL_embedding_results_2023-04-16-15-24-08,Asthma,GloVe,1,0.1,256,64,0.01
4.987963,4,DL_embedding_results_2023-04-16-15-24-08,Asthma,GloVe,1,0.1,256,64,0.01
0.661018431186676,1,DL_embedding_results_2023-04-16-15-24-08,Asthma,FastText,1,0.1,256,64,0.001
1.355039358139038,2,DL_embedding_results_2023-04-16-15-24-08,Asthma,FastText,1,0.1,256,64,0.001
1.3134642839431765,3,DL_embedding_results_2023-04-16-15-24-08,Asthma,FastText,1,0.1,256,64,0.001
1.0353842973709106,4,DL_embedding_results_2023-04-16-15-24-08,Asthma,FastText,1,0.1,256,64,0.001
0.7035391926765442,1,DL_embedding_results_2023-04-16-15-24-08,Asthma,USE,1,0.1,256,64,0.01
2.818487882614136,2,DL_embedding_results_2023-04-16-15-24-08,Asthma,USE,1,0.1,256,64,0.01
1.8557689189910889,3,DL_embedding_results_2023-04-16-15-24-08,Asthma,USE,1,0.1,256,64,0.01
2.522934913635254,4,DL_embedding_results_2023-04-16-15-24-08,Asthma,USE,1,0.1,256,64,0.01
0.7227129936218262,1,DL_embedding_results_2023-04-16-15-37-29,Asthma,GloVe,25,0.0,64,64,0.01
18.08628463745117,2,DL_embedding_results_2023-04-16-15-37-29,Asthma,GloVe,25,0.0,64,64,0.01
6.262092590332031,3,DL_embedding_results_2023-04-16-15-37-29,Asthma,GloVe,25,0.0,64,64,0.01
68.73179626464844,4,DL_embedding_results_2023-04-16-15-37-29,Asthma,GloVe,25,0.0,64,64,0.01
2.7638978958129883,5,DL_embedding_results_2023-04-16-15-37-29,Asthma,GloVe,25,0.0,64,64,0.01
12.76434326171875,6,DL_embedding_results_2023-04-16-15-37-29,Asthma,GloVe,25,0.0,64,64,0.01
10.459598541259766,7,DL_embedding_results_2023-04-16-15-37-29,Asthma,GloVe,25,0.0,64,64,0.01
9.713515281677246,8,DL_embedding_results_2023-04-16-15-37-29,Asthma,GloVe,25,0.0,64,64,0.01
4.083805084228516,9,DL_embedding_results_2023-04-16-15-37-29,Asthma,GloVe,25,0.0,64,64,0.01
7.254662990570068,10,DL_embedding_results_2023-04-16-15-37-29,Asthma,GloVe,25,0.0,64,64,0.01
1.1003270149230957,11,DL_embedding_results_2023-04-16-15-37-29,Asthma,GloVe,25,0.0,64,64,0.01
4.115115165710449,12,DL_embedding_results_2023-04-16-15-37-29,Asthma,GloVe,25,0.0,64,64,0.01
3.6850414276123047,13,DL_embedding_results_2023-04-16-15-37-29,Asthma,GloVe,25,0.0,64,64,0.01
1.8495328426361084,14,DL_embedding_results_2023-04-16-15-37-29,Asthma,GloVe,25,0.0,64,64,0.01
2.3867883682250977,15,DL_embedding_results_2023-04-16-15-37-29,Asthma,GloVe,25,0.0,64,64,0.01
2.824418783187866,16,DL_embedding_results_2023-04-16-15-37-29,Asthma,GloVe,25,0.0,64,64,0.01
2.6182103157043457,17,DL_embedding_results_2023-04-16-15-37-29,Asthma,GloVe,25,0.0,64,64,0.01
2.396922826766968,18,DL_embedding_results_2023-04-16-15-37-29,Asthma,GloVe,25,0.0,64,64,0.01
1.8306360244750977,19,DL_embedding_results_2023-04-16-15-37-29,Asthma,GloVe,25,0.0,64,64,0.01
1.7308441400527954,20,DL_embedding_results_2023-04-16-15-37-29,Asthma,GloVe,25,0.0,64,64,0.01
3.838578939437866,21,DL_embedding_results_2023-04-16-15-37-29,Asthma,GloVe,25,0.0,64,64,0.01
2.924139976501465,22,DL_embedding_results_2023-04-16-15-37-29,Asthma,GloVe,25,0.0,64,64,0.01
2.28969955444336,23,DL_embedding_results_2023-04-16-15-37-29,Asthma,GloVe,25,0.0,64,64,0.01
1.2153277397155762,24,DL_embedding_results_2023-04-16-15-37-29,Asthma,GloVe,25,0.0,64,64,0.01
1.845201849937439,25,DL_embedding_results_2023-04-16-15-37-29,Asthma,GloVe,25,0.0,64,64,0.01
2.3877322673797607,26,DL_embedding_results_2023-04-16-15-37-29,Asthma,GloVe,25,0.0,64,64,0.01
0.8642871379852295,27,DL_embedding_results_2023-04-16-15-37-29,Asthma,GloVe,25,0.0,64,64,0.01
1.16465961933136,28,DL_embedding_results_2023-04-16-15-37-29,Asthma,GloVe,25,0.0,64,64,0.01
0.6342423558235168,29,DL_embedding_results_2023-04-16-15-37-29,Asthma,GloVe,25,0.0,64,64,0.01
1.1240586042404177,30,DL_embedding_results_2023-04-16-15-37-29,Asthma,GloVe,25,0.0,64,64,0.01
2.0815200805664062,31,DL_embedding_results_2023-04-16-15-37-29,Asthma,GloVe,25,0.0,64,64,0.01
0.7595962882041931,32,DL_embedding_results_2023-04-16-15-37-29,Asthma,GloVe,25,0.0,64,64,0.01
0.7256247401237488,33,DL_embedding_results_2023-04-16-15-37-29,Asthma,GloVe,25,0.0,64,64,0.01
0.8585258722305298,34,DL_embedding_results_2023-04-16-15-37-29,Asthma,GloVe,25,0.0,64,64,0.01
0.2245672196149826,35,DL_embedding_results_2023-04-16-15-37-29,Asthma,GloVe,25,0.0,64,64,0.01
0.7551131844520569,36,DL_embedding_results_2023-04-16-15-37-29,Asthma,GloVe,25,0.0,64,64,0.01
0.8193672895431519,37,DL_embedding_results_2023-04-16-15-37-29,Asthma,GloVe,25,0.0,64,64,0.01
0.8477894067764282,38,DL_embedding_results_2023-04-16-15-37-29,Asthma,GloVe,25,0.0,64,64,0.01
0.5471762418746948,39,DL_embedding_results_2023-04-16-15-37-29,Asthma,GloVe,25,0.0,64,64,0.01
0.3969086110591888,40,DL_embedding_results_2023-04-16-15-37-29,Asthma,GloVe,25,0.0,64,64,0.01
0.7898494005203247,41,DL_embedding_results_2023-04-16-15-37-29,Asthma,GloVe,25,0.0,64,64,0.01
0.522848904132843,42,DL_embedding_results_2023-04-16-15-37-29,Asthma,GloVe,25,0.0,64,64,0.01
0.5012162327766418,43,DL_embedding_results_2023-04-16-15-37-29,Asthma,GloVe,25,0.0,64,64,0.01
0.2123184353113174,44,DL_embedding_results_2023-04-16-15-37-29,Asthma,GloVe,25,0.0,64,64,0.01
0.4683356881141662,45,DL_embedding_results_2023-04-16-15-37-29,Asthma,GloVe,25,0.0,64,64,0.01
0.8084492087364197,46,DL_embedding_results_2023-04-16-15-37-29,Asthma,GloVe,25,0.0,64,64,0.01
0.199589729309082,47,DL_embedding_results_2023-04-16-15-37-29,Asthma,GloVe,25,0.0,64,64,0.01
0.5091261863708496,48,DL_embedding_results_2023-04-16-15-37-29,Asthma,GloVe,25,0.0,64,64,0.01
0.3003477454185486,49,DL_embedding_results_2023-04-16-15-37-29,Asthma,GloVe,25,0.0,64,64,0.01
0.1918751150369644,50,DL_embedding_results_2023-04-16-15-37-29,Asthma,GloVe,25,0.0,64,64,0.01
0.4404982328414917,51,DL_embedding_results_2023-04-16-15-37-29,Asthma,GloVe,25,0.0,64,64,0.01
0.4528671205043793,52,DL_embedding_results_2023-04-16-15-37-29,Asthma,GloVe,25,0.0,64,64,0.01
0.297432005405426,53,DL_embedding_results_2023-04-16-15-37-29,Asthma,GloVe,25,0.0,64,64,0.01
0.2181499153375625,54,DL_embedding_results_2023-04-16-15-37-29,Asthma,GloVe,25,0.0,64,64,0.01
0.2502026855945587,55,DL_embedding_results_2023-04-16-15-37-29,Asthma,GloVe,25,0.0,64,64,0.01
0.3828293085098266,56,DL_embedding_results_2023-04-16-15-37-29,Asthma,GloVe,25,0.0,64,64,0.01
0.2672924399375915,57,DL_embedding_results_2023-04-16-15-37-29,Asthma,GloVe,25,0.0,64,64,0.01
0.2681365311145782,58,DL_embedding_results_2023-04-16-15-37-29,Asthma,GloVe,25,0.0,64,64,0.01
0.1283637583255767,59,DL_embedding_results_2023-04-16-15-37-29,Asthma,GloVe,25,0.0,64,64,0.01
0.308178186416626,60,DL_embedding_results_2023-04-16-15-37-29,Asthma,GloVe,25,0.0,64,64,0.01
0.713753342628479,61,DL_embedding_results_2023-04-16-15-37-29,Asthma,GloVe,25,0.0,64,64,0.01
0.2644912302494049,62,DL_embedding_results_2023-04-16-15-37-29,Asthma,GloVe,25,0.0,64,64,0.01
0.1690074205398559,63,DL_embedding_results_2023-04-16-15-37-29,Asthma,GloVe,25,0.0,64,64,0.01
0.3511091470718384,64,DL_embedding_results_2023-04-16-15-37-29,Asthma,GloVe,25,0.0,64,64,0.01
0.4301672875881195,65,DL_embedding_results_2023-04-16-15-37-29,Asthma,GloVe,25,0.0,64,64,0.01
0.2626669108867645,66,DL_embedding_results_2023-04-16-15-37-29,Asthma,GloVe,25,0.0,64,64,0.01
0.4901734590530395,67,DL_embedding_results_2023-04-16-15-37-29,Asthma,GloVe,25,0.0,64,64,0.01
0.4791321754455566,68,DL_embedding_results_2023-04-16-15-37-29,Asthma,GloVe,25,0.0,64,64,0.01
0.460690975189209,69,DL_embedding_results_2023-04-16-15-37-29,Asthma,GloVe,25,0.0,64,64,0.01
0.5007306337356567,70,DL_embedding_results_2023-04-16-15-37-29,Asthma,GloVe,25,0.0,64,64,0.01
0.1929152011871338,71,DL_embedding_results_2023-04-16-15-37-29,Asthma,GloVe,25,0.0,64,64,0.01
0.2138018310070037,72,DL_embedding_results_2023-04-16-15-37-29,Asthma,GloVe,25,0.0,64,64,0.01
0.5233184695243835,73,DL_embedding_results_2023-04-16-15-37-29,Asthma,GloVe,25,0.0,64,64,0.01
0.3448966741561889,74,DL_embedding_results_2023-04-16-15-37-29,Asthma,GloVe,25,0.0,64,64,0.01
0.1872191727161407,75,DL_embedding_results_2023-04-16-15-37-29,Asthma,GloVe,25,0.0,64,64,0.01
0.6906026601791382,76,DL_embedding_results_2023-04-16-15-37-29,Asthma,GloVe,25,0.0,64,64,0.01
0.5210334062576294,77,DL_embedding_results_2023-04-16-15-37-29,Asthma,GloVe,25,0.0,64,64,0.01
0.380981296300888,78,DL_embedding_results_2023-04-16-15-37-29,Asthma,GloVe,25,0.0,64,64,0.01
0.2891319692134857,79,DL_embedding_results_2023-04-16-15-37-29,Asthma,GloVe,25,0.0,64,64,0.01
0.1700112074613571,80,DL_embedding_results_2023-04-16-15-37-29,Asthma,GloVe,25,0.0,64,64,0.01
0.635364830493927,81,DL_embedding_results_2023-04-16-15-37-29,Asthma,GloVe,25,0.0,64,64,0.01
0.2139485478401184,82,DL_embedding_results_2023-04-16-15-37-29,Asthma,GloVe,25,0.0,64,64,0.01
0.1383305191993713,83,DL_embedding_results_2023-04-16-15-37-29,Asthma,GloVe,25,0.0,64,64,0.01
0.191031351685524,84,DL_embedding_results_2023-04-16-15-37-29,Asthma,GloVe,25,0.0,64,64,0.01
0.4630348086357116,85,DL_embedding_results_2023-04-16-15-37-29,Asthma,GloVe,25,0.0,64,64,0.01
0.3231938779354095,86,DL_embedding_results_2023-04-16-15-37-29,Asthma,GloVe,25,0.0,64,64,0.01
0.5148991942405701,87,DL_embedding_results_2023-04-16-15-37-29,Asthma,GloVe,25,0.0,64,64,0.01
0.3075509071350097,88,DL_embedding_results_2023-04-16-15-37-29,Asthma,GloVe,25,0.0,64,64,0.01
0.0718045160174369,89,DL_embedding_results_2023-04-16-15-37-29,Asthma,GloVe,25,0.0,64,64,0.01
0.2598300576210022,90,DL_embedding_results_2023-04-16-15-37-29,Asthma,GloVe,25,0.0,64,64,0.01
0.2864298522472381,91,DL_embedding_results_2023-04-16-15-37-29,Asthma,GloVe,25,0.0,64,64,0.01
0.1143150702118873,92,DL_embedding_results_2023-04-16-15-37-29,Asthma,GloVe,25,0.0,64,64,0.01
0.0820338129997253,93,DL_embedding_results_2023-04-16-15-37-29,Asthma,GloVe,25,0.0,64,64,0.01
0.1616682112216949,94,DL_embedding_results_2023-04-16-15-37-29,Asthma,GloVe,25,0.0,64,64,0.01
0.1272268593311309,95,DL_embedding_results_2023-04-16-15-37-29,Asthma,GloVe,25,0.0,64,64,0.01
0.1652673780918121,96,DL_embedding_results_2023-04-16-15-37-29,Asthma,GloVe,25,0.0,64,64,0.01
0.1394494473934173,97,DL_embedding_results_2023-04-16-15-37-29,Asthma,GloVe,25,0.0,64,64,0.01
0.1432142555713653,98,DL_embedding_results_2023-04-16-15-37-29,Asthma,GloVe,25,0.0,64,64,0.01
0.1228408813476562,99,DL_embedding_results_2023-04-16-15-37-29,Asthma,GloVe,25,0.0,64,64,0.01
0.0911458060145378,100,DL_embedding_results_2023-04-16-15-37-29,Asthma,GloVe,25,0.0,64,64,0.01
0.0682926476001739,101,DL_embedding_results_2023-04-16-15-37-29,Asthma,GloVe,25,0.0,64,64,0.01
0.0984857231378555,102,DL_embedding_results_2023-04-16-15-37-29,Asthma,GloVe,25,0.0,64,64,0.01
0.1213183850049972,103,DL_embedding_results_2023-04-16-15-37-29,Asthma,GloVe,25,0.0,64,64,0.01
0.0499093122780323,104,DL_embedding_results_2023-04-16-15-37-29,Asthma,GloVe,25,0.0,64,64,0.01
0.0883214175701141,105,DL_embedding_results_2023-04-16-15-37-29,Asthma,GloVe,25,0.0,64,64,0.01
0.1642003804445266,106,DL_embedding_results_2023-04-16-15-37-29,Asthma,GloVe,25,0.0,64,64,0.01
0.0872987881302833,107,DL_embedding_results_2023-04-16-15-37-29,Asthma,GloVe,25,0.0,64,64,0.01
0.0495062284171581,108,DL_embedding_results_2023-04-16-15-37-29,Asthma,GloVe,25,0.0,64,64,0.01
0.0717904195189476,109,DL_embedding_results_2023-04-16-15-37-29,Asthma,GloVe,25,0.0,64,64,0.01
0.0742512270808219,110,DL_embedding_results_2023-04-16-15-37-29,Asthma,GloVe,25,0.0,64,64,0.01
0.0822153240442276,111,DL_embedding_results_2023-04-16-15-37-29,Asthma,GloVe,25,0.0,64,64,0.01
0.0989824086427688,112,DL_embedding_results_2023-04-16-15-37-29,Asthma,GloVe,25,0.0,64,64,0.01
0.096887432038784,113,DL_embedding_results_2023-04-16-15-37-29,Asthma,GloVe,25,0.0,64,64,0.01
0.0545105338096618,114,DL_embedding_results_2023-04-16-15-37-29,Asthma,GloVe,25,0.0,64,64,0.01
0.0858431085944175,115,DL_embedding_results_2023-04-16-15-37-29,Asthma,GloVe,25,0.0,64,64,0.01
0.0560069605708122,116,DL_embedding_results_2023-04-16-15-37-29,Asthma,GloVe,25,0.0,64,64,0.01
0.087345115840435,117,DL_embedding_results_2023-04-16-15-37-29,Asthma,GloVe,25,0.0,64,64,0.01
0.0970370173454284,118,DL_embedding_results_2023-04-16-15-37-29,Asthma,GloVe,25,0.0,64,64,0.01
0.0288704261183738,119,DL_embedding_results_2023-04-16-15-37-29,Asthma,GloVe,25,0.0,64,64,0.01
0.0638765692710876,120,DL_embedding_results_2023-04-16-15-37-29,Asthma,GloVe,25,0.0,64,64,0.01
0.1074177250266075,121,DL_embedding_results_2023-04-16-15-37-29,Asthma,GloVe,25,0.0,64,64,0.01
0.0720441117882728,122,DL_embedding_results_2023-04-16-15-37-29,Asthma,GloVe,25,0.0,64,64,0.01
0.0488205291330814,123,DL_embedding_results_2023-04-16-15-37-29,Asthma,GloVe,25,0.0,64,64,0.01
0.0464264303445816,124,DL_embedding_results_2023-04-16-15-37-29,Asthma,GloVe,25,0.0,64,64,0.01
0.0678349137306213,125,DL_embedding_results_2023-04-16-15-37-29,Asthma,GloVe,25,0.0,64,64,0.01
0.0570937544107437,126,DL_embedding_results_2023-04-16-15-37-29,Asthma,GloVe,25,0.0,64,64,0.01
0.0715255439281463,127,DL_embedding_results_2023-04-16-15-37-29,Asthma,GloVe,25,0.0,64,64,0.01
0.0656730681657791,128,DL_embedding_results_2023-04-16-15-37-29,Asthma,GloVe,25,0.0,64,64,0.01
0.0381474383175373,129,DL_embedding_results_2023-04-16-15-37-29,Asthma,GloVe,25,0.0,64,64,0.01
0.0611293017864227,130,DL_embedding_results_2023-04-16-15-37-29,Asthma,GloVe,25,0.0,64,64,0.01
0.0295757241547107,131,DL_embedding_results_2023-04-16-15-37-29,Asthma,GloVe,25,0.0,64,64,0.01
0.0510385893285274,132,DL_embedding_results_2023-04-16-15-37-29,Asthma,GloVe,25,0.0,64,64,0.01
0.0667208507657051,133,DL_embedding_results_2023-04-16-15-37-29,Asthma,GloVe,25,0.0,64,64,0.01
0.0183898918330669,134,DL_embedding_results_2023-04-16-15-37-29,Asthma,GloVe,25,0.0,64,64,0.01
0.0497990064322948,135,DL_embedding_results_2023-04-16-15-37-29,Asthma,GloVe,25,0.0,64,64,0.01
0.0875427573919296,136,DL_embedding_results_2023-04-16-15-37-29,Asthma,GloVe,25,0.0,64,64,0.01
0.0520562529563903,137,DL_embedding_results_2023-04-16-15-37-29,Asthma,GloVe,25,0.0,64,64,0.01
0.0338264405727386,138,DL_embedding_results_2023-04-16-15-37-29,Asthma,GloVe,25,0.0,64,64,0.01
0.032915711402893,139,DL_embedding_results_2023-04-16-15-37-29,Asthma,GloVe,25,0.0,64,64,0.01
0.0543862357735633,140,DL_embedding_results_2023-04-16-15-37-29,Asthma,GloVe,25,0.0,64,64,0.01
0.0476519651710987,141,DL_embedding_results_2023-04-16-15-37-29,Asthma,GloVe,25,0.0,64,64,0.01
0.0570882596075534,142,DL_embedding_results_2023-04-16-15-37-29,Asthma,GloVe,25,0.0,64,64,0.01
0.056585781276226,143,DL_embedding_results_2023-04-16-15-37-29,Asthma,GloVe,25,0.0,64,64,0.01
0.0325017198920249,144,DL_embedding_results_2023-04-16-15-37-29,Asthma,GloVe,25,0.0,64,64,0.01
0.0413251183927059,145,DL_embedding_results_2023-04-16-15-37-29,Asthma,GloVe,25,0.0,64,64,0.01
0.0165466349571943,146,DL_embedding_results_2023-04-16-15-37-29,Asthma,GloVe,25,0.0,64,64,0.01
0.0341835059225559,147,DL_embedding_results_2023-04-16-15-37-29,Asthma,GloVe,25,0.0,64,64,0.01
0.0515511631965637,148,DL_embedding_results_2023-04-16-15-37-29,Asthma,GloVe,25,0.0,64,64,0.01
0.0127304689958691,149,DL_embedding_results_2023-04-16-15-37-29,Asthma,GloVe,25,0.0,64,64,0.01
0.0445721969008445,150,DL_embedding_results_2023-04-16-15-37-29,Asthma,GloVe,25,0.0,64,64,0.01
0.084647923707962,151,DL_embedding_results_2023-04-16-15-37-29,Asthma,GloVe,25,0.0,64,64,0.01
0.0415963232517242,152,DL_embedding_results_2023-04-16-15-37-29,Asthma,GloVe,25,0.0,64,64,0.01
0.023390993475914,153,DL_embedding_results_2023-04-16-15-37-29,Asthma,GloVe,25,0.0,64,64,0.01
0.0238644052296876,154,DL_embedding_results_2023-04-16-15-37-29,Asthma,GloVe,25,0.0,64,64,0.01
0.0461762733757495,155,DL_embedding_results_2023-04-16-15-37-29,Asthma,GloVe,25,0.0,64,64,0.01
0.0439342334866523,156,DL_embedding_results_2023-04-16-15-37-29,Asthma,GloVe,25,0.0,64,64,0.01
0.0521304383873939,157,DL_embedding_results_2023-04-16-15-37-29,Asthma,GloVe,25,0.0,64,64,0.01
0.0564845763146877,158,DL_embedding_results_2023-04-16-15-37-29,Asthma,GloVe,25,0.0,64,64,0.01
0.033938106149435,159,DL_embedding_results_2023-04-16-15-37-29,Asthma,GloVe,25,0.0,64,64,0.01
0.0296619087457656,160,DL_embedding_results_2023-04-16-15-37-29,Asthma,GloVe,25,0.0,64,64,0.01
0.0099852122366428,161,DL_embedding_results_2023-04-16-15-37-29,Asthma,GloVe,25,0.0,64,64,0.01
0.0226865895092487,162,DL_embedding_results_2023-04-16-15-37-29,Asthma,GloVe,25,0.0,64,64,0.01
0.039767850190401,163,DL_embedding_results_2023-04-16-15-37-29,Asthma,GloVe,25,0.0,64,64,0.01
0.0092207165434956,164,DL_embedding_results_2023-04-16-15-37-29,Asthma,GloVe,25,0.0,64,64,0.01
0.0428845807909965,165,DL_embedding_results_2023-04-16-15-37-29,Asthma,GloVe,25,0.0,64,64,0.01
0.0861377418041229,166,DL_embedding_results_2023-04-16-15-37-29,Asthma,GloVe,25,0.0,64,64,0.01
0.0440755151212215,167,DL_embedding_results_2023-04-16-15-37-29,Asthma,GloVe,25,0.0,64,64,0.01
0.0178539715707302,168,DL_embedding_results_2023-04-16-15-37-29,Asthma,GloVe,25,0.0,64,64,0.01
0.0182589329779148,169,DL_embedding_results_2023-04-16-15-37-29,Asthma,GloVe,25,0.0,64,64,0.01
0.0301121734082698,170,DL_embedding_results_2023-04-16-15-37-29,Asthma,GloVe,25,0.0,64,64,0.01
0.0344092957675457,171,DL_embedding_results_2023-04-16-15-37-29,Asthma,GloVe,25,0.0,64,64,0.01
0.0473971664905548,172,DL_embedding_results_2023-04-16-15-37-29,Asthma,GloVe,25,0.0,64,64,0.01
0.0651718080043792,173,DL_embedding_results_2023-04-16-15-37-29,Asthma,GloVe,25,0.0,64,64,0.01
0.046155609190464,174,DL_embedding_results_2023-04-16-15-37-29,Asthma,GloVe,25,0.0,64,64,0.01
0.0241716243326663,175,DL_embedding_results_2023-04-16-15-37-29,Asthma,GloVe,25,0.0,64,64,0.01
0.0076113608665764,176,DL_embedding_results_2023-04-16-15-37-29,Asthma,GloVe,25,0.0,64,64,0.01
0.0133991418406367,177,DL_embedding_results_2023-04-16-15-37-29,Asthma,GloVe,25,0.0,64,64,0.01
0.0248114429414272,178,DL_embedding_results_2023-04-16-15-37-29,Asthma,GloVe,25,0.0,64,64,0.01
0.0058251116424798,179,DL_embedding_results_2023-04-16-15-37-29,Asthma,GloVe,25,0.0,64,64,0.01
0.0340989083051681,180,DL_embedding_results_2023-04-16-15-37-29,Asthma,GloVe,25,0.0,64,64,0.01
0.0749291330575943,181,DL_embedding_results_2023-04-16-15-37-29,Asthma,GloVe,25,0.0,64,64,0.01
0.0528350919485092,182,DL_embedding_results_2023-04-16-15-37-29,Asthma,GloVe,25,0.0,64,64,0.01
0.0214642882347106,183,DL_embedding_results_2023-04-16-15-37-29,Asthma,GloVe,25,0.0,64,64,0.01
0.0218723006546497,184,DL_embedding_results_2023-04-16-15-37-29,Asthma,GloVe,25,0.0,64,64,0.01
0.0154844019562006,185,DL_embedding_results_2023-04-16-15-37-29,Asthma,GloVe,25,0.0,64,64,0.01
0.0194778311997652,186,DL_embedding_results_2023-04-16-15-37-29,Asthma,GloVe,25,0.0,64,64,0.01
0.0304663628339767,187,DL_embedding_results_2023-04-16-15-37-29,Asthma,GloVe,25,0.0,64,64,0.01
0.0529378615319728,188,DL_embedding_results_2023-04-16-15-37-29,Asthma,GloVe,25,0.0,64,64,0.01
0.0569475442171096,189,DL_embedding_results_2023-04-16-15-37-29,Asthma,GloVe,25,0.0,64,64,0.01
0.0315834283828735,190,DL_embedding_results_2023-04-16-15-37-29,Asthma,GloVe,25,0.0,64,64,0.01
0.0152431633323431,191,DL_embedding_results_2023-04-16-15-37-29,Asthma,GloVe,25,0.0,64,64,0.01
0.0134747773408889,192,DL_embedding_results_2023-04-16-15-37-29,Asthma,GloVe,25,0.0,64,64,0.01
0.0149807259440422,193,DL_embedding_results_2023-04-16-15-37-29,Asthma,GloVe,25,0.0,64,64,0.01
0.0038904156535863,194,DL_embedding_results_2023-04-16-15-37-29,Asthma,GloVe,25,0.0,64,64,0.01
0.0124706700444221,195,DL_embedding_results_2023-04-16-15-37-29,Asthma,GloVe,25,0.0,64,64,0.01
0.0317777395248413,196,DL_embedding_results_2023-04-16-15-37-29,Asthma,GloVe,25,0.0,64,64,0.01
0.0312252044677734,197,DL_embedding_results_2023-04-16-15-37-29,Asthma,GloVe,25,0.0,64,64,0.01
0.0284084938466548,198,DL_embedding_results_2023-04-16-15-37-29,Asthma,GloVe,25,0.0,64,64,0.01
0.0388845987617969,199,DL_embedding_results_2023-04-16-15-37-29,Asthma,GloVe,25,0.0,64,64,0.01
0.0207189247012138,200,DL_embedding_results_2023-04-16-15-37-29,Asthma,GloVe,25,0.0,64,64,0.01
0.0348712243139743,201,DL_embedding_results_2023-04-16-15-37-29,Asthma,GloVe,25,0.0,64,64,0.01
0.0318098291754722,202,DL_embedding_results_2023-04-16-15-37-29,Asthma,GloVe,25,0.0,64,64,0.01
0.0177226196974515,203,DL_embedding_results_2023-04-16-15-37-29,Asthma,GloVe,25,0.0,64,64,0.01
0.0170129556208848,204,DL_embedding_results_2023-04-16-15-37-29,Asthma,GloVe,25,0.0,64,64,0.01
0.0278410576283931,205,DL_embedding_results_2023-04-16-15-37-29,Asthma,GloVe,25,0.0,64,64,0.01
0.0520496740937233,206,DL_embedding_results_2023-04-16-15-37-29,Asthma,GloVe,25,0.0,64,64,0.01
0.0535809509456157,207,DL_embedding_results_2023-04-16-15-37-29,Asthma,GloVe,25,0.0,64,64,0.01
0.0459876768290996,208,DL_embedding_results_2023-04-16-15-37-29,Asthma,GloVe,25,0.0,64,64,0.01
0.0149596771225333,209,DL_embedding_results_2023-04-16-15-37-29,Asthma,GloVe,25,0.0,64,64,0.01
0.0080266781151294,210,DL_embedding_results_2023-04-16-15-37-29,Asthma,GloVe,25,0.0,64,64,0.01
0.0130781969055533,211,DL_embedding_results_2023-04-16-15-37-29,Asthma,GloVe,25,0.0,64,64,0.01
0.0124269407242536,212,DL_embedding_results_2023-04-16-15-37-29,Asthma,GloVe,25,0.0,64,64,0.01
0.0162507537752389,213,DL_embedding_results_2023-04-16-15-37-29,Asthma,GloVe,25,0.0,64,64,0.01
0.0312337595969438,214,DL_embedding_results_2023-04-16-15-37-29,Asthma,GloVe,25,0.0,64,64,0.01
0.0513208694756031,215,DL_embedding_results_2023-04-16-15-37-29,Asthma,GloVe,25,0.0,64,64,0.01
0.0975378006696701,216,DL_embedding_results_2023-04-16-15-37-29,Asthma,GloVe,25,0.0,64,64,0.01
0.0628677904605865,217,DL_embedding_results_2023-04-16-15-37-29,Asthma,GloVe,25,0.0,64,64,0.01
0.018839893862605,218,DL_embedding_results_2023-04-16-15-37-29,Asthma,GloVe,25,0.0,64,64,0.01
0.0060364278033375,219,DL_embedding_results_2023-04-16-15-37-29,Asthma,GloVe,25,0.0,64,64,0.01
0.0118143483996391,220,DL_embedding_results_2023-04-16-15-37-29,Asthma,GloVe,25,0.0,64,64,0.01
0.0312415044754743,221,DL_embedding_results_2023-04-16-15-37-29,Asthma,GloVe,25,0.0,64,64,0.01
0.0564049556851387,222,DL_embedding_results_2023-04-16-15-37-29,Asthma,GloVe,25,0.0,64,64,0.01
0.1069218516349792,223,DL_embedding_results_2023-04-16-15-37-29,Asthma,GloVe,25,0.0,64,64,0.01
0.0724131911993026,224,DL_embedding_results_2023-04-16-15-37-29,Asthma,GloVe,25,0.0,64,64,0.01
0.0124593265354633,225,DL_embedding_results_2023-04-16-15-37-29,Asthma,GloVe,25,0.0,64,64,0.01
0.0129656624048948,226,DL_embedding_results_2023-04-16-15-37-29,Asthma,GloVe,25,0.0,64,64,0.01
0.0121565740555524,227,DL_embedding_results_2023-04-16-15-37-29,Asthma,GloVe,25,0.0,64,64,0.01
0.0128325391560792,228,DL_embedding_results_2023-04-16-15-37-29,Asthma,GloVe,25,0.0,64,64,0.01
0.0114464936777949,229,DL_embedding_results_2023-04-16-15-37-29,Asthma,GloVe,25,0.0,64,64,0.01
0.0249977894127368,230,DL_embedding_results_2023-04-16-15-37-29,Asthma,GloVe,25,0.0,64,64,0.01
0.0811719745397567,231,DL_embedding_results_2023-04-16-15-37-29,Asthma,GloVe,25,0.0,64,64,0.01
0.1153701245784759,232,DL_embedding_results_2023-04-16-15-37-29,Asthma,GloVe,25,0.0,64,64,0.01
0.0949373245239257,233,DL_embedding_results_2023-04-16-15-37-29,Asthma,GloVe,25,0.0,64,64,0.01
0.0239949468523263,234,DL_embedding_results_2023-04-16-15-37-29,Asthma,GloVe,25,0.0,64,64,0.01
0.0260404087603092,235,DL_embedding_results_2023-04-16-15-37-29,Asthma,GloVe,25,0.0,64,64,0.01
0.0055702286772429,236,DL_embedding_results_2023-04-16-15-37-29,Asthma,GloVe,25,0.0,64,64,0.01
0.0077021680772304,237,DL_embedding_results_2023-04-16-15-37-29,Asthma,GloVe,25,0.0,64,64,0.01
0.0276648197323083,238,DL_embedding_results_2023-04-16-15-37-29,Asthma,GloVe,25,0.0,64,64,0.01
0.0472033470869064,239,DL_embedding_results_2023-04-16-15-37-29,Asthma,GloVe,25,0.0,64,64,0.01
0.0872758328914642,240,DL_embedding_results_2023-04-16-15-37-29,Asthma,GloVe,25,0.0,64,64,0.01
0.175767719745636,241,DL_embedding_results_2023-04-16-15-37-29,Asthma,GloVe,25,0.0,64,64,0.01
0.0360144525766372,242,DL_embedding_results_2023-04-16-15-37-29,Asthma,GloVe,25,0.0,64,64,0.01
0.0204899925738573,243,DL_embedding_results_2023-04-16-15-37-29,Asthma,GloVe,25,0.0,64,64,0.01
0.0027515143156051,244,DL_embedding_results_2023-04-16-15-37-29,Asthma,GloVe,25,0.0,64,64,0.01
0.0024718570057302,245,DL_embedding_results_2023-04-16-15-37-29,Asthma,GloVe,25,0.0,64,64,0.01
0.0026231072843074,246,DL_embedding_results_2023-04-16-15-37-29,Asthma,GloVe,25,0.0,64,64,0.01
0.0149084413424134,247,DL_embedding_results_2023-04-16-15-37-29,Asthma,GloVe,25,0.0,64,64,0.01
0.0238425880670547,248,DL_embedding_results_2023-04-16-15-37-29,Asthma,GloVe,25,0.0,64,64,0.01
0.0379375591874122,249,DL_embedding_results_2023-04-16-15-37-29,Asthma,GloVe,25,0.0,64,64,0.01
0.1060217022895813,250,DL_embedding_results_2023-04-16-15-37-29,Asthma,GloVe,25,0.0,64,64,0.01
0.118894450366497,251,DL_embedding_results_2023-04-16-15-37-29,Asthma,GloVe,25,0.0,64,64,0.01
0.034581784158945,252,DL_embedding_results_2023-04-16-15-37-29,Asthma,GloVe,25,0.0,64,64,0.01
0.0415446236729621,253,DL_embedding_results_2023-04-16-15-37-29,Asthma,GloVe,25,0.0,64,64,0.01
0.0107080461457371,254,DL_embedding_results_2023-04-16-15-37-29,Asthma,GloVe,25,0.0,64,64,0.01
0.0046536102890968,255,DL_embedding_results_2023-04-16-15-37-29,Asthma,GloVe,25,0.0,64,64,0.01
0.0058153676800429,256,DL_embedding_results_2023-04-16-15-37-29,Asthma,GloVe,25,0.0,64,64,0.01
0.0075237452983856,257,DL_embedding_results_2023-04-16-15-37-29,Asthma,GloVe,25,0.0,64,64,0.01
0.0129429958760738,258,DL_embedding_results_2023-04-16-15-37-29,Asthma,GloVe,25,0.0,64,64,0.01
0.0209773518145084,259,DL_embedding_results_2023-04-16-15-37-29,Asthma,GloVe,25,0.0,64,64,0.01
0.0278581716120243,260,DL_embedding_results_2023-04-16-15-37-29,Asthma,GloVe,25,0.0,64,64,0.01
0.0300395023077726,261,DL_embedding_results_2023-04-16-15-37-29,Asthma,GloVe,25,0.0,64,64,0.01
0.0210939887911081,262,DL_embedding_results_2023-04-16-15-37-29,Asthma,GloVe,25,0.0,64,64,0.01
0.011026058346033,263,DL_embedding_results_2023-04-16-15-37-29,Asthma,GloVe,25,0.0,64,64,0.01
0.0154505558311939,264,DL_embedding_results_2023-04-16-15-37-29,Asthma,GloVe,25,0.0,64,64,0.01
0.0036473618820309,265,DL_embedding_results_2023-04-16-15-37-29,Asthma,GloVe,25,0.0,64,64,0.01
0.0037549289409071,266,DL_embedding_results_2023-04-16-15-37-29,Asthma,GloVe,25,0.0,64,64,0.01
0.0026658240240067,267,DL_embedding_results_2023-04-16-15-37-29,Asthma,GloVe,25,0.0,64,64,0.01
0.0041282661259174,268,DL_embedding_results_2023-04-16-15-37-29,Asthma,GloVe,25,0.0,64,64,0.01
0.0017485567368566,269,DL_embedding_results_2023-04-16-15-37-29,Asthma,GloVe,25,0.0,64,64,0.01
0.0032713701948523,270,DL_embedding_results_2023-04-16-15-37-29,Asthma,GloVe,25,0.0,64,64,0.01
0.0053192791528999,271,DL_embedding_results_2023-04-16-15-37-29,Asthma,GloVe,25,0.0,64,64,0.01
0.0045409221202135,272,DL_embedding_results_2023-04-16-15-37-29,Asthma,GloVe,25,0.0,64,64,0.01
0.0027402148116379,273,DL_embedding_results_2023-04-16-15-37-29,Asthma,GloVe,25,0.0,64,64,0.01
0.0015318930381909,274,DL_embedding_results_2023-04-16-15-37-29,Asthma,GloVe,25,0.0,64,64,0.01
0.0017381247598677,275,DL_embedding_results_2023-04-16-15-37-29,Asthma,GloVe,25,0.0,64,64,0.01
0.0013974959729239,276,DL_embedding_results_2023-04-16-15-37-29,Asthma,GloVe,25,0.0,64,64,0.01
0.0036914646625518,277,DL_embedding_results_2023-04-16-15-37-29,Asthma,GloVe,25,0.0,64,64,0.01
0.0022462443448603,278,DL_embedding_results_2023-04-16-15-37-29,Asthma,GloVe,25,0.0,64,64,0.01
0.0008010229212231,279,DL_embedding_results_2023-04-16-15-37-29,Asthma,GloVe,25,0.0,64,64,0.01
0.0021687713451683,280,DL_embedding_results_2023-04-16-15-37-29,Asthma,GloVe,25,0.0,64,64,0.01
0.0004222095885779,281,DL_embedding_results_2023-04-16-15-37-29,Asthma,GloVe,25,0.0,64,64,0.01
0.0012649798300117,282,DL_embedding_results_2023-04-16-15-37-29,Asthma,GloVe,25,0.0,64,64,0.01
0.0021897053811699,283,DL_embedding_results_2023-04-16-15-37-29,Asthma,GloVe,25,0.0,64,64,0.01
0.0006220085197128,284,DL_embedding_results_2023-04-16-15-37-29,Asthma,GloVe,25,0.0,64,64,0.01
0.0057022213004529,285,DL_embedding_results_2023-04-16-15-37-29,Asthma,GloVe,25,0.0,64,64,0.01
0.0108473263680934,286,DL_embedding_results_2023-04-16-15-37-29,Asthma,GloVe,25,0.0,64,64,0.01
0.0064279558137059,287,DL_embedding_results_2023-04-16-15-37-29,Asthma,GloVe,25,0.0,64,64,0.01
0.0023213473614305,288,DL_embedding_results_2023-04-16-15-37-29,Asthma,GloVe,25,0.0,64,64,0.01
0.0015706855338066,289,DL_embedding_results_2023-04-16-15-37-29,Asthma,GloVe,25,0.0,64,64,0.01
0.0012472646776586,290,DL_embedding_results_2023-04-16-15-37-29,Asthma,GloVe,25,0.0,64,64,0.01
0.0011629920918494,291,DL_embedding_results_2023-04-16-15-37-29,Asthma,GloVe,25,0.0,64,64,0.01
0.0031122746877372,292,DL_embedding_results_2023-04-16-15-37-29,Asthma,GloVe,25,0.0,64,64,0.01
0.0017935571959242,293,DL_embedding_results_2023-04-16-15-37-29,Asthma,GloVe,25,0.0,64,64,0.01
0.0007201809785328,294,DL_embedding_results_2023-04-16-15-37-29,Asthma,GloVe,25,0.0,64,64,0.01
0.0013877337332814,295,DL_embedding_results_2023-04-16-15-37-29,Asthma,GloVe,25,0.0,64,64,0.01
0.0004553005855996,296,DL_embedding_results_2023-04-16-15-37-29,Asthma,GloVe,25,0.0,64,64,0.01
0.0008701399201527,297,DL_embedding_results_2023-04-16-15-37-29,Asthma,GloVe,25,0.0,64,64,0.01
0.0017222231253981,298,DL_embedding_results_2023-04-16-15-37-29,Asthma,GloVe,25,0.0,64,64,0.01
0.0006815129891037,299,DL_embedding_results_2023-04-16-15-37-29,Asthma,GloVe,25,0.0,64,64,0.01
0.0022469160612672,300,DL_embedding_results_2023-04-16-15-37-29,Asthma,GloVe,25,0.0,64,64,0.01
0.0041281473822891,301,DL_embedding_results_2023-04-16-15-37-29,Asthma,GloVe,25,0.0,64,64,0.01
0.0028424838092178,302,DL_embedding_results_2023-04-16-15-37-29,Asthma,GloVe,25,0.0,64,64,0.01
0.0019383607432246,303,DL_embedding_results_2023-04-16-15-37-29,Asthma,GloVe,25,0.0,64,64,0.01
0.0011129103368148,304,DL_embedding_results_2023-04-16-15-37-29,Asthma,GloVe,25,0.0,64,64,0.01
0.0015825708396732,305,DL_embedding_results_2023-04-16-15-37-29,Asthma,GloVe,25,0.0,64,64,0.01
0.0010634734062477,306,DL_embedding_results_2023-04-16-15-37-29,Asthma,GloVe,25,0.0,64,64,0.01
0.0026921043172478,307,DL_embedding_results_2023-04-16-15-37-29,Asthma,GloVe,25,0.0,64,64,0.01
0.0016646983567625,308,DL_embedding_results_2023-04-16-15-37-29,Asthma,GloVe,25,0.0,64,64,0.01
0.0008088024333119,309,DL_embedding_results_2023-04-16-15-37-29,Asthma,GloVe,25,0.0,64,64,0.01
0.0010843524942174,310,DL_embedding_results_2023-04-16-15-37-29,Asthma,GloVe,25,0.0,64,64,0.01
0.0005304854130372,311,DL_embedding_results_2023-04-16-15-37-29,Asthma,GloVe,25,0.0,64,64,0.01
0.000791466445662,312,DL_embedding_results_2023-04-16-15-37-29,Asthma,GloVe,25,0.0,64,64,0.01
0.0016828767256811,313,DL_embedding_results_2023-04-16-15-37-29,Asthma,GloVe,25,0.0,64,64,0.01
0.0006978035671636,314,DL_embedding_results_2023-04-16-15-37-29,Asthma,GloVe,25,0.0,64,64,0.01
0.00171054166276,315,DL_embedding_results_2023-04-16-15-37-29,Asthma,GloVe,25,0.0,64,64,0.01
0.0031689805909991,316,DL_embedding_results_2023-04-16-15-37-29,Asthma,GloVe,25,0.0,64,64,0.01
0.0024359542876482,317,DL_embedding_results_2023-04-16-15-37-29,Asthma,GloVe,25,0.0,64,64,0.01
0.001818204531446,318,DL_embedding_results_2023-04-16-15-37-29,Asthma,GloVe,25,0.0,64,64,0.01
0.0009800645057111,319,DL_embedding_results_2023-04-16-15-37-29,Asthma,GloVe,25,0.0,64,64,0.01
0.0014559947885572,320,DL_embedding_results_2023-04-16-15-37-29,Asthma,GloVe,25,0.0,64,64,0.01
0.0009395588422194,321,DL_embedding_results_2023-04-16-15-37-29,Asthma,GloVe,25,0.0,64,64,0.01
0.0023457030765712,322,DL_embedding_results_2023-04-16-15-37-29,Asthma,GloVe,25,0.0,64,64,0.01
0.001523810904473,323,DL_embedding_results_2023-04-16-15-37-29,Asthma,GloVe,25,0.0,64,64,0.01
0.0007170238532125,324,DL_embedding_results_2023-04-16-15-37-29,Asthma,GloVe,25,0.0,64,64,0.01
0.0009843084262683,325,DL_embedding_results_2023-04-16-15-37-29,Asthma,GloVe,25,0.0,64,64,0.01
0.0004542043898254,326,DL_embedding_results_2023-04-16-15-37-29,Asthma,GloVe,25,0.0,64,64,0.01
0.000715133617632,327,DL_embedding_results_2023-04-16-15-37-29,Asthma,GloVe,25,0.0,64,64,0.01
0.0015177396126091,328,DL_embedding_results_2023-04-16-15-37-29,Asthma,GloVe,25,0.0,64,64,0.01
0.0005826452397741,329,DL_embedding_results_2023-04-16-15-37-29,Asthma,GloVe,25,0.0,64,64,0.01
0.0015580777544528,330,DL_embedding_results_2023-04-16-15-37-29,Asthma,GloVe,25,0.0,64,64,0.01
0.0029546483419835,331,DL_embedding_results_2023-04-16-15-37-29,Asthma,GloVe,25,0.0,64,64,0.01
0.0021783306729048,332,DL_embedding_results_2023-04-16-15-37-29,Asthma,GloVe,25,0.0,64,64,0.01
0.0015335211064666,333,DL_embedding_results_2023-04-16-15-37-29,Asthma,GloVe,25,0.0,64,64,0.01
0.000854546087794,334,DL_embedding_results_2023-04-16-15-37-29,Asthma,GloVe,25,0.0,64,64,0.01
0.001199017628096,335,DL_embedding_results_2023-04-16-15-37-29,Asthma,GloVe,25,0.0,64,64,0.01
0.0008168459753505,336,DL_embedding_results_2023-04-16-15-37-29,Asthma,GloVe,25,0.0,64,64,0.01
0.0020436893682926,337,DL_embedding_results_2023-04-16-15-37-29,Asthma,GloVe,25,0.0,64,64,0.01
0.0013892166316509,338,DL_embedding_results_2023-04-16-15-37-29,Asthma,GloVe,25,0.0,64,64,0.01
0.0006203014636412,339,DL_embedding_results_2023-04-16-15-37-29,Asthma,GloVe,25,0.0,64,64,0.01
0.0009188299300149,340,DL_embedding_results_2023-04-16-15-37-29,Asthma,GloVe,25,0.0,64,64,0.01
0.0003844670427497,341,DL_embedding_results_2023-04-16-15-37-29,Asthma,GloVe,25,0.0,64,64,0.01
0.0006590161356143,342,DL_embedding_results_2023-04-16-15-37-29,Asthma,GloVe,25,0.0,64,64,0.01
0.0013886294327676,343,DL_embedding_results_2023-04-16-15-37-29,Asthma,GloVe,25,0.0,64,64,0.01
0.000500145019032,344,DL_embedding_results_2023-04-16-15-37-29,Asthma,GloVe,25,0.0,64,64,0.01
0.0014375112950801,345,DL_embedding_results_2023-04-16-15-37-29,Asthma,GloVe,25,0.0,64,64,0.01
0.0027708187699317,346,DL_embedding_results_2023-04-16-15-37-29,Asthma,GloVe,25,0.0,64,64,0.01
0.0019809990189969,347,DL_embedding_results_2023-04-16-15-37-29,Asthma,GloVe,25,0.0,64,64,0.01
0.0013540626969188,348,DL_embedding_results_2023-04-16-15-37-29,Asthma,GloVe,25,0.0,64,64,0.01
0.0007694888627156,349,DL_embedding_results_2023-04-16-15-37-29,Asthma,GloVe,25,0.0,64,64,0.01
0.0010509077692404,350,DL_embedding_results_2023-04-16-15-37-29,Asthma,GloVe,25,0.0,64,64,0.01
0.0007424519862979,351,DL_embedding_results_2023-04-16-15-37-29,Asthma,GloVe,25,0.0,64,64,0.01
0.0018340271199122,352,DL_embedding_results_2023-04-16-15-37-29,Asthma,GloVe,25,0.0,64,64,0.01
0.0012861457653343,353,DL_embedding_results_2023-04-16-15-37-29,Asthma,GloVe,25,0.0,64,64,0.01
0.0005669252714142,354,DL_embedding_results_2023-04-16-15-37-29,Asthma,GloVe,25,0.0,64,64,0.01
0.0008503212011419,355,DL_embedding_results_2023-04-16-15-37-29,Asthma,GloVe,25,0.0,64,64,0.01
0.0003478247672319,356,DL_embedding_results_2023-04-16-15-37-29,Asthma,GloVe,25,0.0,64,64,0.01
0.0006162310019135,357,DL_embedding_results_2023-04-16-15-37-29,Asthma,GloVe,25,0.0,64,64,0.01
0.0012918297434225,358,DL_embedding_results_2023-04-16-15-37-29,Asthma,GloVe,25,0.0,64,64,0.01
0.0004540550871752,359,DL_embedding_results_2023-04-16-15-37-29,Asthma,GloVe,25,0.0,64,64,0.01
0.0012929525692015,360,DL_embedding_results_2023-04-16-15-37-29,Asthma,GloVe,25,0.0,64,64,0.01
0.0025184974074363,361,DL_embedding_results_2023-04-16-15-37-29,Asthma,GloVe,25,0.0,64,64,0.01
0.0017922909464687,362,DL_embedding_results_2023-04-16-15-37-29,Asthma,GloVe,25,0.0,64,64,0.01
0.0012424597516655,363,DL_embedding_results_2023-04-16-15-37-29,Asthma,GloVe,25,0.0,64,64,0.01
0.0007024777587503,364,DL_embedding_results_2023-04-16-15-37-29,Asthma,GloVe,25,0.0,64,64,0.01
0.0009659907664172,365,DL_embedding_results_2023-04-16-15-37-29,Asthma,GloVe,25,0.0,64,64,0.01
0.0006880079745315,366,DL_embedding_results_2023-04-16-15-37-29,Asthma,GloVe,25,0.0,64,64,0.01
0.0016689350595697,367,DL_embedding_results_2023-04-16-15-37-29,Asthma,GloVe,25,0.0,64,64,0.01
0.0011936045484617,368,DL_embedding_results_2023-04-16-15-37-29,Asthma,GloVe,25,0.0,64,64,0.01
0.0005317144677974,369,DL_embedding_results_2023-04-16-15-37-29,Asthma,GloVe,25,0.0,64,64,0.01
0.0007818639860488,370,DL_embedding_results_2023-04-16-15-37-29,Asthma,GloVe,25,0.0,64,64,0.01
0.0003241818922106,371,DL_embedding_results_2023-04-16-15-37-29,Asthma,GloVe,25,0.0,64,64,0.01
0.000578881939873,372,DL_embedding_results_2023-04-16-15-37-29,Asthma,GloVe,25,0.0,64,64,0.01
0.0012069690274074,373,DL_embedding_results_2023-04-16-15-37-29,Asthma,GloVe,25,0.0,64,64,0.01
0.0004208751488476,374,DL_embedding_results_2023-04-16-15-37-29,Asthma,GloVe,25,0.0,64,64,0.01
0.0011591477086767,375,DL_embedding_results_2023-04-16-15-37-29,Asthma,GloVe,25,0.0,64,64,0.01
0.695945680141449,1,DL_embedding_results_2023-04-16-15-37-29,Asthma,GloVe,25,0.0,64,128,0.01
21.226520538330078,2,DL_embedding_results_2023-04-16-15-37-29,Asthma,GloVe,25,0.0,64,128,0.01
82.72499084472656,3,DL_embedding_results_2023-04-16-15-37-29,Asthma,GloVe,25,0.0,64,128,0.01
11.268594741821289,4,DL_embedding_results_2023-04-16-15-37-29,Asthma,GloVe,25,0.0,64,128,0.01
11.97758674621582,5,DL_embedding_results_2023-04-16-15-37-29,Asthma,GloVe,25,0.0,64,128,0.01
17.190540313720703,6,DL_embedding_results_2023-04-16-15-37-29,Asthma,GloVe,25,0.0,64,128,0.01
6.73831844329834,7,DL_embedding_results_2023-04-16-15-37-29,Asthma,GloVe,25,0.0,64,128,0.01
10.180115699768066,8,DL_embedding_results_2023-04-16-15-37-29,Asthma,GloVe,25,0.0,64,128,0.01
3.7621958255767822,9,DL_embedding_results_2023-04-16-15-37-29,Asthma,GloVe,25,0.0,64,128,0.01
4.114406585693359,10,DL_embedding_results_2023-04-16-15-37-29,Asthma,GloVe,25,0.0,64,128,0.01
2.44920015335083,11,DL_embedding_results_2023-04-16-15-37-29,Asthma,GloVe,25,0.0,64,128,0.01
3.746544361114502,12,DL_embedding_results_2023-04-16-15-37-29,Asthma,GloVe,25,0.0,64,128,0.01
8.610715866088867,13,DL_embedding_results_2023-04-16-15-37-29,Asthma,GloVe,25,0.0,64,128,0.01
1.9486467838287354,14,DL_embedding_results_2023-04-16-15-37-29,Asthma,GloVe,25,0.0,64,128,0.01
4.7717671394348145,15,DL_embedding_results_2023-04-16-15-37-29,Asthma,GloVe,25,0.0,64,128,0.01
11.337839126586914,16,DL_embedding_results_2023-04-16-15-37-29,Asthma,GloVe,25,0.0,64,128,0.01
6.907344341278076,17,DL_embedding_results_2023-04-16-15-37-29,Asthma,GloVe,25,0.0,64,128,0.01
3.7482855319976807,18,DL_embedding_results_2023-04-16-15-37-29,Asthma,GloVe,25,0.0,64,128,0.01
0.6144252419471741,19,DL_embedding_results_2023-04-16-15-37-29,Asthma,GloVe,25,0.0,64,128,0.01
9.748578071594238,20,DL_embedding_results_2023-04-16-15-37-29,Asthma,GloVe,25,0.0,64,128,0.01
1.1749111413955688,21,DL_embedding_results_2023-04-16-15-37-29,Asthma,GloVe,25,0.0,64,128,0.01
2.2953035831451416,22,DL_embedding_results_2023-04-16-15-37-29,Asthma,GloVe,25,0.0,64,128,0.01
3.399588108062744,23,DL_embedding_results_2023-04-16-15-37-29,Asthma,GloVe,25,0.0,64,128,0.01
2.534146308898926,24,DL_embedding_results_2023-04-16-15-37-29,Asthma,GloVe,25,0.0,64,128,0.01
1.916578769683838,25,DL_embedding_results_2023-04-16-15-37-29,Asthma,GloVe,25,0.0,64,128,0.01
0.6425929665565491,26,DL_embedding_results_2023-04-16-15-37-29,Asthma,GloVe,25,0.0,64,128,0.01
1.051501989364624,27,DL_embedding_results_2023-04-16-15-37-29,Asthma,GloVe,25,0.0,64,128,0.01
1.5078614950180054,28,DL_embedding_results_2023-04-16-15-37-29,Asthma,GloVe,25,0.0,64,128,0.01
1.4319822788238525,29,DL_embedding_results_2023-04-16-15-37-29,Asthma,GloVe,25,0.0,64,128,0.01
0.8200329542160034,30,DL_embedding_results_2023-04-16-15-37-29,Asthma,GloVe,25,0.0,64,128,0.01
2.96089243888855,31,DL_embedding_results_2023-04-16-15-37-29,Asthma,GloVe,25,0.0,64,128,0.01
2.0643887519836426,32,DL_embedding_results_2023-04-16-15-37-29,Asthma,GloVe,25,0.0,64,128,0.01
1.3686217069625854,33,DL_embedding_results_2023-04-16-15-37-29,Asthma,GloVe,25,0.0,64,128,0.01
0.6110484600067139,34,DL_embedding_results_2023-04-16-15-37-29,Asthma,GloVe,25,0.0,64,128,0.01
1.180672287940979,35,DL_embedding_results_2023-04-16-15-37-29,Asthma,GloVe,25,0.0,64,128,0.01
0.5225156545639038,36,DL_embedding_results_2023-04-16-15-37-29,Asthma,GloVe,25,0.0,64,128,0.01
0.5365010499954224,37,DL_embedding_results_2023-04-16-15-37-29,Asthma,GloVe,25,0.0,64,128,0.01
0.930891752243042,38,DL_embedding_results_2023-04-16-15-37-29,Asthma,GloVe,25,0.0,64,128,0.01
0.5481276512145996,39,DL_embedding_results_2023-04-16-15-37-29,Asthma,GloVe,25,0.0,64,128,0.01
0.41164523363113403,40,DL_embedding_results_2023-04-16-15-37-29,Asthma,GloVe,25,0.0,64,128,0.01
0.35755348205566406,41,DL_embedding_results_2023-04-16-15-37-29,Asthma,GloVe,25,0.0,64,128,0.01
0.3495926558971405,42,DL_embedding_results_2023-04-16-15-37-29,Asthma,GloVe,25,0.0,64,128,0.01
0.29350313544273376,43,DL_embedding_results_2023-04-16-15-37-29,Asthma,GloVe,25,0.0,64,128,0.01
0.17447225749492645,44,DL_embedding_results_2023-04-16-15-37-29,Asthma,GloVe,25,0.0,64,128,0.01
0.23468270897865295,45,DL_embedding_results_2023-04-16-15-37-29,Asthma,GloVe,25,0.0,64,128,0.01
0.39893367886543274,46,DL_embedding_results_2023-04-16-15-37-29,Asthma,GloVe,25,0.0,64,128,0.01
0.25278881192207336,47,DL_embedding_results_2023-04-16-15-37-29,Asthma,GloVe,25,0.0,64,128,0.01
0.29597049951553345,48,DL_embedding_results_2023-04-16-15-37-29,Asthma,GloVe,25,0.0,64,128,0.01
0.2535170018672943,49,DL_embedding_results_2023-04-16-15-37-29,Asthma,GloVe,25,0.0,64,128,0.01
0.15199032425880432,50,DL_embedding_results_2023-04-16-15-37-29,Asthma,GloVe,25,0.0,64,128,0.01
0.3981321454048157,51,DL_embedding_results_2023-04-16-15-37-29,Asthma,GloVe,25,0.0,64,128,0.01
0.24695958197116852,52,DL_embedding_results_2023-04-16-15-37-29,Asthma,GloVe,25,0.0,64,128,0.01
0.2499033659696579,53,DL_embedding_results_2023-04-16-15-37-29,Asthma,GloVe,25,0.0,64,128,0.01
0.2816446125507355,54,DL_embedding_results_2023-04-16-15-37-29,Asthma,GloVe,25,0.0,64,128,0.01
0.21471065282821655,55,DL_embedding_results_2023-04-16-15-37-29,Asthma,GloVe,25,0.0,64,128,0.01
0.18361082673072815,56,DL_embedding_results_2023-04-16-15-37-29,Asthma,GloVe,25,0.0,64,128,0.01
0.43298283219337463,57,DL_embedding_results_2023-04-16-15-37-29,Asthma,GloVe,25,0.0,64,128,0.01
0.2538842558860779,58,DL_embedding_results_2023-04-16-15-37-29,Asthma,GloVe,25,0.0,64,128,0.01
0.15684005618095398,59,DL_embedding_results_2023-04-16-15-37-29,Asthma,GloVe,25,0.0,64,128,0.01
0.3342573046684265,60,DL_embedding_results_2023-04-16-15-37-29,Asthma,GloVe,25,0.0,64,128,0.01
0.22054524719715118,61,DL_embedding_results_2023-04-16-15-37-29,Asthma,GloVe,25,0.0,64,128,0.01
0.2529062330722809,62,DL_embedding_results_2023-04-16-15-37-29,Asthma,GloVe,25,0.0,64,128,0.01
0.17481167614459991,63,DL_embedding_results_2023-04-16-15-37-29,Asthma,GloVe,25,0.0,64,128,0.01
0.10959669202566147,64,DL_embedding_results_2023-04-16-15-37-29,Asthma,GloVe,25,0.0,64,128,0.01
0.10911469161510468,65,DL_embedding_results_2023-04-16-15-37-29,Asthma,GloVe,25,0.0,64,128,0.01
0.2712816596031189,66,DL_embedding_results_2023-04-16-15-37-29,Asthma,GloVe,25,0.0,64,128,0.01
0.14598612487316132,67,DL_embedding_results_2023-04-16-15-37-29,Asthma,GloVe,25,0.0,64,128,0.01
0.20492979884147644,68,DL_embedding_results_2023-04-16-15-37-29,Asthma,GloVe,25,0.0,64,128,0.01
0.1416570544242859,69,DL_embedding_results_2023-04-16-15-37-29,Asthma,GloVe,25,0.0,64,128,0.01
0.17418015003204346,70,DL_embedding_results_2023-04-16-15-37-29,Asthma,GloVe,25,0.0,64,128,0.01
0.07087669521570206,71,DL_embedding_results_2023-04-16-15-37-29,Asthma,GloVe,25,0.0,64,128,0.01
0.10296127200126648,72,DL_embedding_results_2023-04-16-15-37-29,Asthma,GloVe,25,0.0,64,128,0.01
0.11795859038829803,73,DL_embedding_results_2023-04-16-15-37-29,Asthma,GloVe,25,0.0,64,128,0.01
0.11130068451166153,74,DL_embedding_results_2023-04-16-15-37-29,Asthma,GloVe,25,0.0,64,128,0.01
0.08545694500207901,75,DL_embedding_results_2023-04-16-15-37-29,Asthma,GloVe,25,0.0,64,128,0.01
0.17651954293251038,76,DL_embedding_results_2023-04-16-15-37-29,Asthma,GloVe,25,0.0,64,128,0.01
0.1228782907128334,77,DL_embedding_results_2023-04-16-15-37-29,Asthma,GloVe,25,0.0,64,128,0.01
0.0457172617316246,78,DL_embedding_results_2023-04-16-15-37-29,Asthma,GloVe,25,0.0,64,128,0.01
0.0639645904302597,79,DL_embedding_results_2023-04-16-15-37-29,Asthma,GloVe,25,0.0,64,128,0.01
0.049866050481796265,80,DL_embedding_results_2023-04-16-15-37-29,Asthma,GloVe,25,0.0,64,128,0.01
0.09142623841762543,81,DL_embedding_results_2023-04-16-15-37-29,Asthma,GloVe,25,0.0,64,128,0.01
0.10998233407735825,82,DL_embedding_results_2023-04-16-15-37-29,Asthma,GloVe,25,0.0,64,128,0.01
0.08197613060474396,83,DL_embedding_results_2023-04-16-15-37-29,Asthma,GloVe,25,0.0,64,128,0.01
0.05663580447435379,84,DL_embedding_results_2023-04-16-15-37-29,Asthma,GloVe,25,0.0,64,128,0.01
0.08331835269927979,85,DL_embedding_results_2023-04-16-15-37-29,Asthma,GloVe,25,0.0,64,128,0.01
0.05155274644494057,86,DL_embedding_results_2023-04-16-15-37-29,Asthma,GloVe,25,0.0,64,128,0.01
0.07893891632556915,87,DL_embedding_results_2023-04-16-15-37-29,Asthma,GloVe,25,0.0,64,128,0.01
0.08077163249254227,88,DL_embedding_results_2023-04-16-15-37-29,Asthma,GloVe,25,0.0,64,128,0.01
0.04301157593727112,89,DL_embedding_results_2023-04-16-15-37-29,Asthma,GloVe,25,0.0,64,128,0.01
0.08617658168077469,90,DL_embedding_results_2023-04-16-15-37-29,Asthma,GloVe,25,0.0,64,128,0.01
0.1110520213842392,91,DL_embedding_results_2023-04-16-15-37-29,Asthma,GloVe,25,0.0,64,128,0.01
0.04966001585125923,92,DL_embedding_results_2023-04-16-15-37-29,Asthma,GloVe,25,0.0,64,128,0.01
0.03129717335104942,93,DL_embedding_results_2023-04-16-15-37-29,Asthma,GloVe,25,0.0,64,128,0.01
0.09183000028133392,94,DL_embedding_results_2023-04-16-15-37-29,Asthma,GloVe,25,0.0,64,128,0.01
0.08665140718221664,95,DL_embedding_results_2023-04-16-15-37-29,Asthma,GloVe,25,0.0,64,128,0.01
0.12115299701690674,96,DL_embedding_results_2023-04-16-15-37-29,Asthma,GloVe,25,0.0,64,128,0.01
0.0644635483622551,97,DL_embedding_results_2023-04-16-15-37-29,Asthma,GloVe,25,0.0,64,128,0.01
0.11202721297740936,98,DL_embedding_results_2023-04-16-15-37-29,Asthma,GloVe,25,0.0,64,128,0.01
0.15681296586990356,99,DL_embedding_results_2023-04-16-15-37-29,Asthma,GloVe,25,0.0,64,128,0.01
0.0446464903652668,100,DL_embedding_results_2023-04-16-15-37-29,Asthma,GloVe,25,0.0,64,128,0.01
0.02756631001830101,101,DL_embedding_results_2023-04-16-15-37-29,Asthma,GloVe,25,0.0,64,128,0.01
0.0974147692322731,102,DL_embedding_results_2023-04-16-15-37-29,Asthma,GloVe,25,0.0,64,128,0.01
0.21355441212654114,103,DL_embedding_results_2023-04-16-15-37-29,Asthma,GloVe,25,0.0,64,128,0.01
0.061176661401987076,104,DL_embedding_results_2023-04-16-15-37-29,Asthma,GloVe,25,0.0,64,128,0.01
0.09526965022087097,105,DL_embedding_results_2023-04-16-15-37-29,Asthma,GloVe,25,0.0,64,128,0.01
0.04973381385207176,106,DL_embedding_results_2023-04-16-15-37-29,Asthma,GloVe,25,0.0,64,128,0.01
0.08828241378068924,107,DL_embedding_results_2023-04-16-15-37-29,Asthma,GloVe,25,0.0,64,128,0.01
0.1434030532836914,108,DL_embedding_results_2023-04-16-15-37-29,Asthma,GloVe,25,0.0,64,128,0.01
0.040485817939043045,109,DL_embedding_results_2023-04-16-15-37-29,Asthma,GloVe,25,0.0,64,128,0.01
0.015302653424441814,110,DL_embedding_results_2023-04-16-15-37-29,Asthma,GloVe,25,0.0,64,128,0.01
0.04014341160655022,111,DL_embedding_results_2023-04-16-15-37-29,Asthma,GloVe,25,0.0,64,128,0.01
0.14753852784633636,112,DL_embedding_results_2023-04-16-15-37-29,Asthma,GloVe,25,0.0,64,128,0.01
0.0741143524646759,113,DL_embedding_results_2023-04-16-15-37-29,Asthma,GloVe,25,0.0,64,128,0.01
0.019830986857414246,114,DL_embedding_results_2023-04-16-15-37-29,Asthma,GloVe,25,0.0,64,128,0.01
0.021449824795126915,115,DL_embedding_results_2023-04-16-15-37-29,Asthma,GloVe,25,0.0,64,128,0.01
0.014968429692089558,116,DL_embedding_results_2023-04-16-15-37-29,Asthma,GloVe,25,0.0,64,128,0.01
0.018538858741521835,117,DL_embedding_results_2023-04-16-15-37-29,Asthma,GloVe,25,0.0,64,128,0.01
0.028975602239370346,118,DL_embedding_results_2023-04-16-15-37-29,Asthma,GloVe,25,0.0,64,128,0.01
0.022403346374630928,119,DL_embedding_results_2023-04-16-15-37-29,Asthma,GloVe,25,0.0,64,128,0.01
0.021296948194503784,120,DL_embedding_results_2023-04-16-15-37-29,Asthma,GloVe,25,0.0,64,128,0.01
0.03606497496366501,121,DL_embedding_results_2023-04-16-15-37-29,Asthma,GloVe,25,0.0,64,128,0.01
0.029459169134497643,122,DL_embedding_results_2023-04-16-15-37-29,Asthma,GloVe,25,0.0,64,128,0.01
0.010009567253291607,123,DL_embedding_results_2023-04-16-15-37-29,Asthma,GloVe,25,0.0,64,128,0.01
0.006660709157586098,124,DL_embedding_results_2023-04-16-15-37-29,Asthma,GloVe,25,0.0,64,128,0.01
0.010507849976420403,125,DL_embedding_results_2023-04-16-15-37-29,Asthma,GloVe,25,0.0,64,128,0.01
0.011775212362408638,126,DL_embedding_results_2023-04-16-15-37-29,Asthma,GloVe,25,0.0,64,128,0.01
0.022496312856674194,127,DL_embedding_results_2023-04-16-15-37-29,Asthma,GloVe,25,0.0,64,128,0.01
0.01435125432908535,128,DL_embedding_results_2023-04-16-15-37-29,Asthma,GloVe,25,0.0,64,128,0.01
0.007234887219965458,129,DL_embedding_results_2023-04-16-15-37-29,Asthma,GloVe,25,0.0,64,128,0.01
0.010113160125911236,130,DL_embedding_results_2023-04-16-15-37-29,Asthma,GloVe,25,0.0,64,128,0.01
0.006055040750652552,131,DL_embedding_results_2023-04-16-15-37-29,Asthma,GloVe,25,0.0,64,128,0.01
0.0033616649452596903,132,DL_embedding_results_2023-04-16-15-37-29,Asthma,GloVe,25,0.0,64,128,0.01
0.006828211713582277,133,DL_embedding_results_2023-04-16-15-37-29,Asthma,GloVe,25,0.0,64,128,0.01
0.002516784705221653,134,DL_embedding_results_2023-04-16-15-37-29,Asthma,GloVe,25,0.0,64,128,0.01
0.01835964061319828,135,DL_embedding_results_2023-04-16-15-37-29,Asthma,GloVe,25,0.0,64,128,0.01
0.03551124781370163,136,DL_embedding_results_2023-04-16-15-37-29,Asthma,GloVe,25,0.0,64,128,0.01
0.011820786632597446,137,DL_embedding_results_2023-04-16-15-37-29,Asthma,GloVe,25,0.0,64,128,0.01
0.005373069085180759,138,DL_embedding_results_2023-04-16-15-37-29,Asthma,GloVe,25,0.0,64,128,0.01
0.005684833973646164,139,DL_embedding_results_2023-04-16-15-37-29,Asthma,GloVe,25,0.0,64,128,0.01
0.011447780765593052,140,DL_embedding_results_2023-04-16-15-37-29,Asthma,GloVe,25,0.0,64,128,0.01
0.012656664475798607,141,DL_embedding_results_2023-04-16-15-37-29,Asthma,GloVe,25,0.0,64,128,0.01
0.017613420262932777,142,DL_embedding_results_2023-04-16-15-37-29,Asthma,GloVe,25,0.0,64,128,0.01
0.009459876455366611,143,DL_embedding_results_2023-04-16-15-37-29,Asthma,GloVe,25,0.0,64,128,0.01
0.008022977039217949,144,DL_embedding_results_2023-04-16-15-37-29,Asthma,GloVe,25,0.0,64,128,0.01
0.007343463134020567,145,DL_embedding_results_2023-04-16-15-37-29,Asthma,GloVe,25,0.0,64,128,0.01
0.004738394636660814,146,DL_embedding_results_2023-04-16-15-37-29,Asthma,GloVe,25,0.0,64,128,0.01
0.0023056024219840765,147,DL_embedding_results_2023-04-16-15-37-29,Asthma,GloVe,25,0.0,64,128,0.01
0.005245971493422985,148,DL_embedding_results_2023-04-16-15-37-29,Asthma,GloVe,25,0.0,64,128,0.01
0.001312855165451765,149,DL_embedding_results_2023-04-16-15-37-29,Asthma,GloVe,25,0.0,64,128,0.01
0.01347691286355257,150,DL_embedding_results_2023-04-16-15-37-29,Asthma,GloVe,25,0.0,64,128,0.01
0.03188358619809151,151,DL_embedding_results_2023-04-16-15-37-29,Asthma,GloVe,25,0.0,64,128,0.01
0.010136136785149574,152,DL_embedding_results_2023-04-16-15-37-29,Asthma,GloVe,25,0.0,64,128,0.01
0.0038857385516166687,153,DL_embedding_results_2023-04-16-15-37-29,Asthma,GloVe,25,0.0,64,128,0.01
0.003846548730507493,154,DL_embedding_results_2023-04-16-15-37-29,Asthma,GloVe,25,0.0,64,128,0.01
0.005397035740315914,155,DL_embedding_results_2023-04-16-15-37-29,Asthma,GloVe,25,0.0,64,128,0.01
0.005965109448879957,156,DL_embedding_results_2023-04-16-15-37-29,Asthma,GloVe,25,0.0,64,128,0.01
0.01002602931112051,157,DL_embedding_results_2023-04-16-15-37-29,Asthma,GloVe,25,0.0,64,128,0.01
0.0076318057253956795,158,DL_embedding_results_2023-04-16-15-37-29,Asthma,GloVe,25,0.0,64,128,0.01
0.007949610240757465,159,DL_embedding_results_2023-04-16-15-37-29,Asthma,GloVe,25,0.0,64,128,0.01
0.0077403876930475235,160,DL_embedding_results_2023-04-16-15-37-29,Asthma,GloVe,25,0.0,64,128,0.01
0.007333886343985796,161,DL_embedding_results_2023-04-16-15-37-29,Asthma,GloVe,25,0.0,64,128,0.01
0.0035942671820521355,162,DL_embedding_results_2023-04-16-15-37-29,Asthma,GloVe,25,0.0,64,128,0.01
0.0058922600001096725,163,DL_embedding_results_2023-04-16-15-37-29,Asthma,GloVe,25,0.0,64,128,0.01
0.0024525492917746305,164,DL_embedding_results_2023-04-16-15-37-29,Asthma,GloVe,25,0.0,64,128,0.01
0.0038362806662917137,165,DL_embedding_results_2023-04-16-15-37-29,Asthma,GloVe,25,0.0,64,128,0.01
0.01013163197785616,166,DL_embedding_results_2023-04-16-15-37-29,Asthma,GloVe,25,0.0,64,128,0.01
0.005336442030966282,167,DL_embedding_results_2023-04-16-15-37-29,Asthma,GloVe,25,0.0,64,128,0.01
0.003227951005101204,168,DL_embedding_results_2023-04-16-15-37-29,Asthma,GloVe,25,0.0,64,128,0.01
0.0038712946698069572,169,DL_embedding_results_2023-04-16-15-37-29,Asthma,GloVe,25,0.0,64,128,0.01
0.004021972417831421,170,DL_embedding_results_2023-04-16-15-37-29,Asthma,GloVe,25,0.0,64,128,0.01
0.0068146768026053905,171,DL_embedding_results_2023-04-16-15-37-29,Asthma,GloVe,25,0.0,64,128,0.01
0.008835800923407078,172,DL_embedding_results_2023-04-16-15-37-29,Asthma,GloVe,25,0.0,64,128,0.01
0.0072274343110620975,173,DL_embedding_results_2023-04-16-15-37-29,Asthma,GloVe,25,0.0,64,128,0.01
0.0029066952411085367,174,DL_embedding_results_2023-04-16-15-37-29,Asthma,GloVe,25,0.0,64,128,0.01
0.004112438764423132,175,DL_embedding_results_2023-04-16-15-37-29,Asthma,GloVe,25,0.0,64,128,0.01
0.0035039307549595833,176,DL_embedding_results_2023-04-16-15-37-29,Asthma,GloVe,25,0.0,64,128,0.01
0.0022546532563865185,177,DL_embedding_results_2023-04-16-15-37-29,Asthma,GloVe,25,0.0,64,128,0.01
0.005364829674363136,178,DL_embedding_results_2023-04-16-15-37-29,Asthma,GloVe,25,0.0,64,128,0.01
0.0030969325453042984,179,DL_embedding_results_2023-04-16-15-37-29,Asthma,GloVe,25,0.0,64,128,0.01
0.003419401589781046,180,DL_embedding_results_2023-04-16-15-37-29,Asthma,GloVe,25,0.0,64,128,0.01
0.0059495666064321995,181,DL_embedding_results_2023-04-16-15-37-29,Asthma,GloVe,25,0.0,64,128,0.01
0.004537622909992933,182,DL_embedding_results_2023-04-16-15-37-29,Asthma,GloVe,25,0.0,64,128,0.01
0.0028518682811409235,183,DL_embedding_results_2023-04-16-15-37-29,Asthma,GloVe,25,0.0,64,128,0.01
0.0021115723066031933,184,DL_embedding_results_2023-04-16-15-37-29,Asthma,GloVe,25,0.0,64,128,0.01
0.003000043798238039,185,DL_embedding_results_2023-04-16-15-37-29,Asthma,GloVe,25,0.0,64,128,0.01
0.0032822152134031057,186,DL_embedding_results_2023-04-16-15-37-29,Asthma,GloVe,25,0.0,64,128,0.01
0.004601821303367615,187,DL_embedding_results_2023-04-16-15-37-29,Asthma,GloVe,25,0.0,64,128,0.01
0.004114584531635046,188,DL_embedding_results_2023-04-16-15-37-29,Asthma,GloVe,25,0.0,64,128,0.01
0.0023841012734919786,189,DL_embedding_results_2023-04-16-15-37-29,Asthma,GloVe,25,0.0,64,128,0.01
0.0037456622812896967,190,DL_embedding_results_2023-04-16-15-37-29,Asthma,GloVe,25,0.0,64,128,0.01
0.0024829404428601265,191,DL_embedding_results_2023-04-16-15-37-29,Asthma,GloVe,25,0.0,64,128,0.01
0.0013755427207797766,192,DL_embedding_results_2023-04-16-15-37-29,Asthma,GloVe,25,0.0,64,128,0.01
0.0031542626675218344,193,DL_embedding_results_2023-04-16-15-37-29,Asthma,GloVe,25,0.0,64,128,0.01
0.0012606093659996986,194,DL_embedding_results_2023-04-16-15-37-29,Asthma,GloVe,25,0.0,64,128,0.01
0.0024296578485518694,195,DL_embedding_results_2023-04-16-15-37-29,Asthma,GloVe,25,0.0,64,128,0.01
0.005667027551680803,196,DL_embedding_results_2023-04-16-15-37-29,Asthma,GloVe,25,0.0,64,128,0.01
0.003001498756930232,197,DL_embedding_results_2023-04-16-15-37-29,Asthma,GloVe,25,0.0,64,128,0.01
0.001948059070855379,198,DL_embedding_results_2023-04-16-15-37-29,Asthma,GloVe,25,0.0,64,128,0.01
0.0017399637727066875,199,DL_embedding_results_2023-04-16-15-37-29,Asthma,GloVe,25,0.0,64,128,0.01
0.0022810848895460367,200,DL_embedding_results_2023-04-16-15-37-29,Asthma,GloVe,25,0.0,64,128,0.01
0.002707597566768527,201,DL_embedding_results_2023-04-16-15-37-29,Asthma,GloVe,25,0.0,64,128,0.01
0.003480109153315425,202,DL_embedding_results_2023-04-16-15-37-29,Asthma,GloVe,25,0.0,64,128,0.01
0.0028573719318956137,203,DL_embedding_results_2023-04-16-15-37-29,Asthma,GloVe,25,0.0,64,128,0.01
0.002087761415168643,204,DL_embedding_results_2023-04-16-15-37-29,Asthma,GloVe,25,0.0,64,128,0.01
0.002755288267508149,205,DL_embedding_results_2023-04-16-15-37-29,Asthma,GloVe,25,0.0,64,128,0.01
0.0022175468038767576,206,DL_embedding_results_2023-04-16-15-37-29,Asthma,GloVe,25,0.0,64,128,0.01
0.001331749139353633,207,DL_embedding_results_2023-04-16-15-37-29,Asthma,GloVe,25,0.0,64,128,0.01
0.0028361615259200335,208,DL_embedding_results_2023-04-16-15-37-29,Asthma,GloVe,25,0.0,64,128,0.01
0.0014173154486343265,209,DL_embedding_results_2023-04-16-15-37-29,Asthma,GloVe,25,0.0,64,128,0.01
0.0020808589179068804,210,DL_embedding_results_2023-04-16-15-37-29,Asthma,GloVe,25,0.0,64,128,0.01
0.004478628281503916,211,DL_embedding_results_2023-04-16-15-37-29,Asthma,GloVe,25,0.0,64,128,0.01
0.0025272651109844446,212,DL_embedding_results_2023-04-16-15-37-29,Asthma,GloVe,25,0.0,64,128,0.01
0.0016713382210582495,213,DL_embedding_results_2023-04-16-15-37-29,Asthma,GloVe,25,0.0,64,128,0.01
0.0014656375860795379,214,DL_embedding_results_2023-04-16-15-37-29,Asthma,GloVe,25,0.0,64,128,0.01
0.0019203514093533158,215,DL_embedding_results_2023-04-16-15-37-29,Asthma,GloVe,25,0.0,64,128,0.01
0.002294590463861823,216,DL_embedding_results_2023-04-16-15-37-29,Asthma,GloVe,25,0.0,64,128,0.01
0.0028876422438770533,217,DL_embedding_results_2023-04-16-15-37-29,Asthma,GloVe,25,0.0,64,128,0.01
0.002394917653873563,218,DL_embedding_results_2023-04-16-15-37-29,Asthma,GloVe,25,0.0,64,128,0.01
0.0017427619313821197,219,DL_embedding_results_2023-04-16-15-37-29,Asthma,GloVe,25,0.0,64,128,0.01
0.0024491266813129187,220,DL_embedding_results_2023-04-16-15-37-29,Asthma,GloVe,25,0.0,64,128,0.01
0.0017523439601063728,221,DL_embedding_results_2023-04-16-15-37-29,Asthma,GloVe,25,0.0,64,128,0.01
0.0010736039839684963,222,DL_embedding_results_2023-04-16-15-37-29,Asthma,GloVe,25,0.0,64,128,0.01
0.0022567149717360735,223,DL_embedding_results_2023-04-16-15-37-29,Asthma,GloVe,25,0.0,64,128,0.01
0.0010277959518134594,224,DL_embedding_results_2023-04-16-15-37-29,Asthma,GloVe,25,0.0,64,128,0.01
0.0018162319902330637,225,DL_embedding_results_2023-04-16-15-37-29,Asthma,GloVe,25,0.0,64,128,0.01
0.004139814991503954,226,DL_embedding_results_2023-04-16-15-37-29,Asthma,GloVe,25,0.0,64,128,0.01
0.002148181200027466,227,DL_embedding_results_2023-04-16-15-37-29,Asthma,GloVe,25,0.0,64,128,0.01
0.001403766218572855,228,DL_embedding_results_2023-04-16-15-37-29,Asthma,GloVe,25,0.0,64,128,0.01
0.0012770546600222588,229,DL_embedding_results_2023-04-16-15-37-29,Asthma,GloVe,25,0.0,64,128,0.01
0.0016298932023346424,230,DL_embedding_results_2023-04-16-15-37-29,Asthma,GloVe,25,0.0,64,128,0.01
0.001949684927240014,231,DL_embedding_results_2023-04-16-15-37-29,Asthma,GloVe,25,0.0,64,128,0.01
0.002417357172816992,232,DL_embedding_results_2023-04-16-15-37-29,Asthma,GloVe,25,0.0,64,128,0.01
0.001956609543412924,233,DL_embedding_results_2023-04-16-15-37-29,Asthma,GloVe,25,0.0,64,128,0.01
0.0015551180113106966,234,DL_embedding_results_2023-04-16-15-37-29,Asthma,GloVe,25,0.0,64,128,0.01
0.0020520794205367565,235,DL_embedding_results_2023-04-16-15-37-29,Asthma,GloVe,25,0.0,64,128,0.01
0.001572508830577135,236,DL_embedding_results_2023-04-16-15-37-29,Asthma,GloVe,25,0.0,64,128,0.01
0.000980681274086237,237,DL_embedding_results_2023-04-16-15-37-29,Asthma,GloVe,25,0.0,64,128,0.01
0.001985150156542659,238,DL_embedding_results_2023-04-16-15-37-29,Asthma,GloVe,25,0.0,64,128,0.01
0.0009672238957136869,239,DL_embedding_results_2023-04-16-15-37-29,Asthma,GloVe,25,0.0,64,128,0.01
0.001595927169546485,240,DL_embedding_results_2023-04-16-15-37-29,Asthma,GloVe,25,0.0,64,128,0.01
0.003548294072970748,241,DL_embedding_results_2023-04-16-15-37-29,Asthma,GloVe,25,0.0,64,128,0.01
0.0018787265289574862,242,DL_embedding_results_2023-04-16-15-37-29,Asthma,GloVe,25,0.0,64,128,0.01
0.0012428690679371357,243,DL_embedding_results_2023-04-16-15-37-29,Asthma,GloVe,25,0.0,64,128,0.01
0.0011198311112821102,244,DL_embedding_results_2023-04-16-15-37-29,Asthma,GloVe,25,0.0,64,128,0.01
0.0014166076434776187,245,DL_embedding_results_2023-04-16-15-37-29,Asthma,GloVe,25,0.0,64,128,0.01
0.0016846137586981058,246,DL_embedding_results_2023-04-16-15-37-29,Asthma,GloVe,25,0.0,64,128,0.01
0.0020799648482352495,247,DL_embedding_results_2023-04-16-15-37-29,Asthma,GloVe,25,0.0,64,128,0.01
0.0016775833209976554,248,DL_embedding_results_2023-04-16-15-37-29,Asthma,GloVe,25,0.0,64,128,0.01
0.001367374206893146,249,DL_embedding_results_2023-04-16-15-37-29,Asthma,GloVe,25,0.0,64,128,0.01
0.0018022056901827455,250,DL_embedding_results_2023-04-16-15-37-29,Asthma,GloVe,25,0.0,64,128,0.01
0.0013616337673738599,251,DL_embedding_results_2023-04-16-15-37-29,Asthma,GloVe,25,0.0,64,128,0.01
0.0008620257722213864,252,DL_embedding_results_2023-04-16-15-37-29,Asthma,GloVe,25,0.0,64,128,0.01
0.0017135216621682048,253,DL_embedding_results_2023-04-16-15-37-29,Asthma,GloVe,25,0.0,64,128,0.01
0.0008199792355298996,254,DL_embedding_results_2023-04-16-15-37-29,Asthma,GloVe,25,0.0,64,128,0.01
0.001416501821950078,255,DL_embedding_results_2023-04-16-15-37-29,Asthma,GloVe,25,0.0,64,128,0.01
0.003189807292073965,256,DL_embedding_results_2023-04-16-15-37-29,Asthma,GloVe,25,0.0,64,128,0.01
0.0016564188990741968,257,DL_embedding_results_2023-04-16-15-37-29,Asthma,GloVe,25,0.0,64,128,0.01
0.0010906063253059983,258,DL_embedding_results_2023-04-16-15-37-29,Asthma,GloVe,25,0.0,64,128,0.01
0.0009961383184418082,259,DL_embedding_results_2023-04-16-15-37-29,Asthma,GloVe,25,0.0,64,128,0.01
0.0012322466354817152,260,DL_embedding_results_2023-04-16-15-37-29,Asthma,GloVe,25,0.0,64,128,0.01
0.0014809673884883523,261,DL_embedding_results_2023-04-16-15-37-29,Asthma,GloVe,25,0.0,64,128,0.01
0.0018155563157051802,262,DL_embedding_results_2023-04-16-15-37-29,Asthma,GloVe,25,0.0,64,128,0.01
0.0014545631129294634,263,DL_embedding_results_2023-04-16-15-37-29,Asthma,GloVe,25,0.0,64,128,0.01
0.0012230109423398972,264,DL_embedding_results_2023-04-16-15-37-29,Asthma,GloVe,25,0.0,64,128,0.01
0.001577755669131875,265,DL_embedding_results_2023-04-16-15-37-29,Asthma,GloVe,25,0.0,64,128,0.01
0.0012142471969127655,266,DL_embedding_results_2023-04-16-15-37-29,Asthma,GloVe,25,0.0,64,128,0.01
0.0007788129150867462,267,DL_embedding_results_2023-04-16-15-37-29,Asthma,GloVe,25,0.0,64,128,0.01
0.0015147315571084619,268,DL_embedding_results_2023-04-16-15-37-29,Asthma,GloVe,25,0.0,64,128,0.01
0.0007419695029966533,269,DL_embedding_results_2023-04-16-15-37-29,Asthma,GloVe,25,0.0,64,128,0.01
0.0012624027440324426,270,DL_embedding_results_2023-04-16-15-37-29,Asthma,GloVe,25,0.0,64,128,0.01
0.0028239034581929445,271,DL_embedding_results_2023-04-16-15-37-29,Asthma,GloVe,25,0.0,64,128,0.01
0.0014691476244479418,272,DL_embedding_results_2023-04-16-15-37-29,Asthma,GloVe,25,0.0,64,128,0.01
0.0009729093872010708,273,DL_embedding_results_2023-04-16-15-37-29,Asthma,GloVe,25,0.0,64,128,0.01
0.0008908800664357841,274,DL_embedding_results_2023-04-16-15-37-29,Asthma,GloVe,25,0.0,64,128,0.01
0.001089345314539969,275,DL_embedding_results_2023-04-16-15-37-29,Asthma,GloVe,25,0.0,64,128,0.01
0.0013054665178060532,276,DL_embedding_results_2023-04-16-15-37-29,Asthma,GloVe,25,0.0,64,128,0.01
0.0016013135900720954,277,DL_embedding_results_2023-04-16-15-37-29,Asthma,GloVe,25,0.0,64,128,0.01
0.001276329392567277,278,DL_embedding_results_2023-04-16-15-37-29,Asthma,GloVe,25,0.0,64,128,0.01
0.0010999059304594994,279,DL_embedding_results_2023-04-16-15-37-29,Asthma,GloVe,25,0.0,64,128,0.01
0.001397233922034502,280,DL_embedding_results_2023-04-16-15-37-29,Asthma,GloVe,25,0.0,64,128,0.01
0.0010836244327947497,281,DL_embedding_results_2023-04-16-15-37-29,Asthma,GloVe,25,0.0,64,128,0.01
0.0007029690896160901,282,DL_embedding_results_2023-04-16-15-37-29,Asthma,GloVe,25,0.0,64,128,0.01
0.001342221163213253,283,DL_embedding_results_2023-04-16-15-37-29,Asthma,GloVe,25,0.0,64,128,0.01
0.0006605248199775815,284,DL_embedding_results_2023-04-16-15-37-29,Asthma,GloVe,25,0.0,64,128,0.01
0.0011327920947223902,285,DL_embedding_results_2023-04-16-15-37-29,Asthma,GloVe,25,0.0,64,128,0.01
0.002543368609622121,286,DL_embedding_results_2023-04-16-15-37-29,Asthma,GloVe,25,0.0,64,128,0.01
0.001311668660491705,287,DL_embedding_results_2023-04-16-15-37-29,Asthma,GloVe,25,0.0,64,128,0.01
0.0008681063773110509,288,DL_embedding_results_2023-04-16-15-37-29,Asthma,GloVe,25,0.0,64,128,0.01
0.0008037968073040247,289,DL_embedding_results_2023-04-16-15-37-29,Asthma,GloVe,25,0.0,64,128,0.01
0.0009649494895711541,290,DL_embedding_results_2023-04-16-15-37-29,Asthma,GloVe,25,0.0,64,128,0.01
0.001167088863439858,291,DL_embedding_results_2023-04-16-15-37-29,Asthma,GloVe,25,0.0,64,128,0.01
0.0014270825777202845,292,DL_embedding_results_2023-04-16-15-37-29,Asthma,GloVe,25,0.0,64,128,0.01
0.00113328592851758,293,DL_embedding_results_2023-04-16-15-37-29,Asthma,GloVe,25,0.0,64,128,0.01
0.0009934005793184042,294,DL_embedding_results_2023-04-16-15-37-29,Asthma,GloVe,25,0.0,64,128,0.01
0.0012470786459743977,295,DL_embedding_results_2023-04-16-15-37-29,Asthma,GloVe,25,0.0,64,128,0.01
0.0009734262130223215,296,DL_embedding_results_2023-04-16-15-37-29,Asthma,GloVe,25,0.0,64,128,0.01
0.0006385389715433121,297,DL_embedding_results_2023-04-16-15-37-29,Asthma,GloVe,25,0.0,64,128,0.01
0.0011992543004453182,298,DL_embedding_results_2023-04-16-15-37-29,Asthma,GloVe,25,0.0,64,128,0.01
0.0005960090784355998,299,DL_embedding_results_2023-04-16-15-37-29,Asthma,GloVe,25,0.0,64,128,0.01
0.0010212208144366741,300,DL_embedding_results_2023-04-16-15-37-29,Asthma,GloVe,25,0.0,64,128,0.01
0.002294189529493451,301,DL_embedding_results_2023-04-16-15-37-29,Asthma,GloVe,25,0.0,64,128,0.01
0.001177318743430078,302,DL_embedding_results_2023-04-16-15-37-29,Asthma,GloVe,25,0.0,64,128,0.01
0.0007811166578903794,303,DL_embedding_results_2023-04-16-15-37-29,Asthma,GloVe,25,0.0,64,128,0.01
0.0007289189379662275,304,DL_embedding_results_2023-04-16-15-37-29,Asthma,GloVe,25,0.0,64,128,0.01
0.0008630792144685984,305,DL_embedding_results_2023-04-16-15-37-29,Asthma,GloVe,25,0.0,64,128,0.01
0.0010469710687175393,306,DL_embedding_results_2023-04-16-15-37-29,Asthma,GloVe,25,0.0,64,128,0.01
0.0012804504949599504,307,DL_embedding_results_2023-04-16-15-37-29,Asthma,GloVe,25,0.0,64,128,0.01
0.0010122356470674276,308,DL_embedding_results_2023-04-16-15-37-29,Asthma,GloVe,25,0.0,64,128,0.01
0.0009035549010150135,309,DL_embedding_results_2023-04-16-15-37-29,Asthma,GloVe,25,0.0,64,128,0.01
0.0011187567142769694,310,DL_embedding_results_2023-04-16-15-37-29,Asthma,GloVe,25,0.0,64,128,0.01
0.0008803943055681884,311,DL_embedding_results_2023-04-16-15-37-29,Asthma,GloVe,25,0.0,64,128,0.01
0.0005830859299749136,312,DL_embedding_results_2023-04-16-15-37-29,Asthma,GloVe,25,0.0,64,128,0.01
0.001078402390703559,313,DL_embedding_results_2023-04-16-15-37-29,Asthma,GloVe,25,0.0,64,128,0.01
0.0005407976568676531,314,DL_embedding_results_2023-04-16-15-37-29,Asthma,GloVe,25,0.0,64,128,0.01
0.0009249262511730194,315,DL_embedding_results_2023-04-16-15-37-29,Asthma,GloVe,25,0.0,64,128,0.01
0.002081314567476511,316,DL_embedding_results_2023-04-16-15-37-29,Asthma,GloVe,25,0.0,64,128,0.01
0.001062513329088688,317,DL_embedding_results_2023-04-16-15-37-29,Asthma,GloVe,25,0.0,64,128,0.01
0.0007062922813929617,318,DL_embedding_results_2023-04-16-15-37-29,Asthma,GloVe,25,0.0,64,128,0.01
0.0006646805559284985,319,DL_embedding_results_2023-04-16-15-37-29,Asthma,GloVe,25,0.0,64,128,0.01
0.0007758107385598123,320,DL_embedding_results_2023-04-16-15-37-29,Asthma,GloVe,25,0.0,64,128,0.01
0.0009461993467994034,321,DL_embedding_results_2023-04-16-15-37-29,Asthma,GloVe,25,0.0,64,128,0.01
0.0011568121844902635,322,DL_embedding_results_2023-04-16-15-37-29,Asthma,GloVe,25,0.0,64,128,0.01
0.0009109095553867519,323,DL_embedding_results_2023-04-16-15-37-29,Asthma,GloVe,25,0.0,64,128,0.01
0.0008246912038885057,324,DL_embedding_results_2023-04-16-15-37-29,Asthma,GloVe,25,0.0,64,128,0.01
0.0010103704407811165,325,DL_embedding_results_2023-04-16-15-37-29,Asthma,GloVe,25,0.0,64,128,0.01
0.0007993458420969546,326,DL_embedding_results_2023-04-16-15-37-29,Asthma,GloVe,25,0.0,64,128,0.01
0.0005342608201317489,327,DL_embedding_results_2023-04-16-15-37-29,Asthma,GloVe,25,0.0,64,128,0.01
0.0009747305884957314,328,DL_embedding_results_2023-04-16-15-37-29,Asthma,GloVe,25,0.0,64,128,0.01
0.000492481398396194,329,DL_embedding_results_2023-04-16-15-37-29,Asthma,GloVe,25,0.0,64,128,0.01
0.000841375207528472,330,DL_embedding_results_2023-04-16-15-37-29,Asthma,GloVe,25,0.0,64,128,0.01
0.0018974541453644633,331,DL_embedding_results_2023-04-16-15-37-29,Asthma,GloVe,25,0.0,64,128,0.01
0.000963530910667032,332,DL_embedding_results_2023-04-16-15-37-29,Asthma,GloVe,25,0.0,64,128,0.01
0.0006418011616915464,333,DL_embedding_results_2023-04-16-15-37-29,Asthma,GloVe,25,0.0,64,128,0.01
0.0006089452654123306,334,DL_embedding_results_2023-04-16-15-37-29,Asthma,GloVe,25,0.0,64,128,0.01
0.0007012874702923,335,DL_embedding_results_2023-04-16-15-37-29,Asthma,GloVe,25,0.0,64,128,0.01
0.0008593942620791495,336,DL_embedding_results_2023-04-16-15-37-29,Asthma,GloVe,25,0.0,64,128,0.01
0.0010509466519579291,337,DL_embedding_results_2023-04-16-15-37-29,Asthma,GloVe,25,0.0,64,128,0.01
0.0008242223993875086,338,DL_embedding_results_2023-04-16-15-37-29,Asthma,GloVe,25,0.0,64,128,0.01
0.0007562122773379087,339,DL_embedding_results_2023-04-16-15-37-29,Asthma,GloVe,25,0.0,64,128,0.01
0.0009168795659206808,340,DL_embedding_results_2023-04-16-15-37-29,Asthma,GloVe,25,0.0,64,128,0.01
0.0007293554954230785,341,DL_embedding_results_2023-04-16-15-37-29,Asthma,GloVe,25,0.0,64,128,0.01
0.0004915936733596027,342,DL_embedding_results_2023-04-16-15-37-29,Asthma,GloVe,25,0.0,64,128,0.01
0.0008856565691530704,343,DL_embedding_results_2023-04-16-15-37-29,Asthma,GloVe,25,0.0,64,128,0.01
0.00045103946467861533,344,DL_embedding_results_2023-04-16-15-37-29,Asthma,GloVe,25,0.0,64,128,0.01
0.0007684081210754812,345,DL_embedding_results_2023-04-16-15-37-29,Asthma,GloVe,25,0.0,64,128,0.01
0.001736404374241829,346,DL_embedding_results_2023-04-16-15-37-29,Asthma,GloVe,25,0.0,64,128,0.01
0.0008775618625804782,347,DL_embedding_results_2023-04-16-15-37-29,Asthma,GloVe,25,0.0,64,128,0.01
0.0005859046359546483,348,DL_embedding_results_2023-04-16-15-37-29,Asthma,GloVe,25,0.0,64,128,0.01
0.000560204847715795,349,DL_embedding_results_2023-04-16-15-37-29,Asthma,GloVe,25,0.0,64,128,0.01
0.0006371276103891432,350,DL_embedding_results_2023-04-16-15-37-29,Asthma,GloVe,25,0.0,64,128,0.01
0.0007841606857255101,351,DL_embedding_results_2023-04-16-15-37-29,Asthma,GloVe,25,0.0,64,128,0.01
0.00095953798154369,352,DL_embedding_results_2023-04-16-15-37-29,Asthma,GloVe,25,0.0,64,128,0.01
0.000749583647120744,353,DL_embedding_results_2023-04-16-15-37-29,Asthma,GloVe,25,0.0,64,128,0.01
0.0006960469763725996,354,DL_embedding_results_2023-04-16-15-37-29,Asthma,GloVe,25,0.0,64,128,0.01
0.0008359772036783397,355,DL_embedding_results_2023-04-16-15-37-29,Asthma,GloVe,25,0.0,64,128,0.01
0.0006681313971057534,356,DL_embedding_results_2023-04-16-15-37-29,Asthma,GloVe,25,0.0,64,128,0.01
0.00045386343845166266,357,DL_embedding_results_2023-04-16-15-37-29,Asthma,GloVe,25,0.0,64,128,0.01
0.0008082813583314419,358,DL_embedding_results_2023-04-16-15-37-29,Asthma,GloVe,25,0.0,64,128,0.01
0.00041461377986706793,359,DL_embedding_results_2023-04-16-15-37-29,Asthma,GloVe,25,0.0,64,128,0.01
0.0007044121739454567,360,DL_embedding_results_2023-04-16-15-37-29,Asthma,GloVe,25,0.0,64,128,0.01
0.0015954835107550025,361,DL_embedding_results_2023-04-16-15-37-29,Asthma,GloVe,25,0.0,64,128,0.01
0.0008024843409657478,362,DL_embedding_results_2023-04-16-15-37-29,Asthma,GloVe,25,0.0,64,128,0.01
0.0005369789432734251,363,DL_embedding_results_2023-04-16-15-37-29,Asthma,GloVe,25,0.0,64,128,0.01
0.0005173723911866546,364,DL_embedding_results_2023-04-16-15-37-29,Asthma,GloVe,25,0.0,64,128,0.01
0.0005813423194922507,365,DL_embedding_results_2023-04-16-15-37-29,Asthma,GloVe,25,0.0,64,128,0.01
0.0007186444127000868,366,DL_embedding_results_2023-04-16-15-37-29,Asthma,GloVe,25,0.0,64,128,0.01
0.0008800090290606022,367,DL_embedding_results_2023-04-16-15-37-29,Asthma,GloVe,25,0.0,64,128,0.01
0.0006848727352917194,368,DL_embedding_results_2023-04-16-15-37-29,Asthma,GloVe,25,0.0,64,128,0.01
0.0006428619963116944,369,DL_embedding_results_2023-04-16-15-37-29,Asthma,GloVe,25,0.0,64,128,0.01
0.0007655230583623052,370,DL_embedding_results_2023-04-16-15-37-29,Asthma,GloVe,25,0.0,64,128,0.01
0.0006142829661257565,371,DL_embedding_results_2023-04-16-15-37-29,Asthma,GloVe,25,0.0,64,128,0.01
0.00042038148967549205,372,DL_embedding_results_2023-04-16-15-37-29,Asthma,GloVe,25,0.0,64,128,0.01
0.0007407211815007031,373,DL_embedding_results_2023-04-16-15-37-29,Asthma,GloVe,25,0.0,64,128,0.01
0.000382554077077657,374,DL_embedding_results_2023-04-16-15-37-29,Asthma,GloVe,25,0.0,64,128,0.01
0.0006479896837845445,375,DL_embedding_results_2023-04-16-15-37-29,Asthma,GloVe,25,0.0,64,128,0.01
