Batch,Disease,Embedding,AUROC,F1,F1_MACRO,F1_MICRO,Exec Time,Total Run (secs),Epochs,LR,CV
DL_tfidf_results_2023-04-04-22-33-29,Asthma,all,0.6243046640992727,0.0,0.4464751958224543,0.8066037735849056,"Trn,Eval,Ttl=0:00:00.279475,0:00:00.084964,0:00:00.364439",0.364438533782959,1,0.01,False
DL_tfidf_results_2023-04-04-22-34-41,Asthma,all,0.6117529596348595,0.0,0.4464751958224543,0.8066037735849056,"Trn,Eval,Ttl=0:00:00.238456,0:00:00.038222,0:00:00.276678",0.2766778469085693,1,0.01,False
DL_tfidf_results_2023-04-04-22-35-26,Asthma,all,0.6790757381258024,0.0,0.4464751958224543,0.8066037735849056,"Trn,Eval,Ttl=0:00:12.606916,0:00:00.039771,0:00:12.646688",12.646687507629396,50,0.01,False
DL_tfidf_results_2023-04-04-22-35-26,CAD,all,0.898447204968944,0.8484848484848486,0.7943722943722944,0.8086124401913876,"Trn,Eval,Ttl=0:00:12.323613,0:00:00.031455,0:00:12.355068",12.355067729949951,50,0.01,False
DL_tfidf_results_2023-04-04-22-35-26,CHF,all,0.8736430742509769,0.8585858585858585,0.777119016249451,0.8068965517241379,"Trn,Eval,Ttl=0:00:09.574542,0:00:00.031876,0:00:09.606418",9.606417894363403,50,0.01,False
DL_tfidf_results_2023-04-04-22-35-26,Depression,all,0.6247489959839357,0.0,0.4368421052631578,0.7757009345794392,"Trn,Eval,Ttl=0:00:13.952919,0:00:00.039078,0:00:13.991996",13.99199628829956,50,0.01,False
DL_tfidf_results_2023-04-04-22-35-26,Diabetes,all,0.8374584806600235,0.8544303797468354,0.721858047016275,0.7850467289719625,"Trn,Eval,Ttl=0:00:13.003927,0:00:00.044181,0:00:13.048108",13.048107624053957,50,0.01,False
DL_tfidf_results_2023-04-04-22-35-26,Gallstones,all,0.6120463320463321,0.0,0.4567901234567901,0.8409090909090909,"Trn,Eval,Ttl=0:00:13.222371,0:00:00.034712,0:00:13.257083",13.257083177566528,50,0.01,False
DL_tfidf_results_2023-04-04-22-35-26,GERD,all,0.619116698903933,0.08,0.4681249999999999,0.7513513513513513,"Trn,Eval,Ttl=0:00:11.030417,0:00:00.047603,0:00:11.078020",11.078019857406616,50,0.01,False
DL_tfidf_results_2023-04-04-22-35-26,Gout,all,0.5971502590673574,0.0,0.466183574879227,0.8733031674208145,"Trn,Eval,Ttl=0:00:13.384439,0:00:00.040377,0:00:13.424817",13.424816846847534,50,0.01,False
DL_tfidf_results_2023-04-04-22-35-26,Hypercholesterolemia,all,0.7554760355671222,0.6981132075471698,0.6651485577965734,0.6683937823834197,"Trn,Eval,Ttl=0:00:11.155936,0:00:00.031642,0:00:11.187578",11.187578201293944,50,0.01,False
DL_tfidf_results_2023-04-04-22-35-26,Hypertension,all,0.6573643410852714,0.8847184986595173,0.4423592493297587,0.7932692307692307,"Trn,Eval,Ttl=0:00:12.176918,0:00:00.047271,0:00:12.224189",12.224188566207886,50,0.01,False
DL_tfidf_results_2023-04-04-22-35-26,Hypertriglyceridemia,all,0.536318407960199,0.0,0.4820143884892086,0.9305555555555556,"Trn,Eval,Ttl=0:00:12.671625,0:00:00.031639,0:00:12.703264",12.703263998031616,50,0.01,False
DL_tfidf_results_2023-04-04-22-35-26,OA,all,0.6138851402009297,0.0,0.4488188976377952,0.8142857142857143,"Trn,Eval,Ttl=0:00:12.332139,0:00:00.037337,0:00:12.369476",12.369476318359377,50,0.01,False
DL_tfidf_results_2023-04-04-22-35-26,OSA,all,0.712962962962963,0.0,0.4671532846715328,0.8767123287671232,"Trn,Eval,Ttl=0:00:12.886504,0:00:00.031646,0:00:12.918150",12.918150424957275,50,0.01,False
DL_tfidf_results_2023-04-04-22-35-26,PVD,all,0.7558823529411764,0.0,0.452127659574468,0.8252427184466019,"Trn,Eval,Ttl=0:00:12.523496,0:00:00.054380,0:00:12.577875",12.57787537574768,50,0.01,False
DL_tfidf_results_2023-04-04-22-35-26,Venous Insufficiency,all,0.5929127052722558,0.0,0.4823848238482385,0.9319371727748692,"Trn,Eval,Ttl=0:00:11.435104,0:00:00.031646,0:00:11.466750",11.466749668121338,50,0.01,False
DL_tfidf_results_2023-04-04-22-35-26,Obesity,all,0.7910295616717635,0.6842105263157894,0.7093619003260363,0.7115384615384616,"Trn,Eval,Ttl=0:00:12.806615,0:00:00.039864,0:00:12.846478",12.846478462219238,50,0.01,False
DL_tfidf_results_2023-04-04-22-41-01,Asthma,all,0.678933105120525,0.0,0.4464751958224543,0.8066037735849056,"Trn,Eval,Ttl=0:00:48.695694,0:00:00.047479,0:00:48.743173",48.743173122406006,200,0.01,False
DL_tfidf_results_2023-04-04-22-41-01,CAD,all,0.8693581780538302,0.8394160583941606,0.7669302514193025,0.7894736842105263,"Trn,Eval,Ttl=0:00:49.648800,0:00:00.037089,0:00:49.685889",49.68588900566101,200,0.01,False
DL_tfidf_results_2023-04-04-22-41-01,CHF,all,0.8460703430308294,0.8290155440414508,0.7444046792372203,0.7724137931034483,"Trn,Eval,Ttl=0:00:35.008606,0:00:00.016019,0:00:35.024625",35.024624824523926,200,0.01,False
DL_tfidf_results_2023-04-04-22-41-01,Depression,all,0.6314006024096386,0.0,0.4368421052631578,0.7757009345794392,"Trn,Eval,Ttl=0:00:52.442863,0:00:00.031671,0:00:52.474534",52.47453427314758,200,0.01,False
DL_tfidf_results_2023-04-04-22-41-01,Diabetes,all,0.8463516554162649,0.8571428571428571,0.7115902964959568,0.7850467289719625,"Trn,Eval,Ttl=0:00:49.132023,0:00:00.055799,0:00:49.187822",49.18782186508179,200,0.01,False
DL_tfidf_results_2023-04-04-22-41-01,Gallstones,all,0.6494208494208494,0.0,0.4567901234567901,0.8409090909090909,"Trn,Eval,Ttl=0:00:50.300411,0:00:00.047390,0:00:50.347801",50.34780097007752,200,0.01,False
DL_tfidf_results_2023-04-04-22-41-01,GERD,all,0.5402965828497743,0.2682926829268293,0.5299796747967479,0.6756756756756757,"Trn,Eval,Ttl=0:00:44.665729,0:00:00.046646,0:00:44.712375",44.71237540245056,200,0.01,False
DL_tfidf_results_2023-04-04-22-41-01,Gout,all,0.5960399703923019,0.0,0.466183574879227,0.8733031674208145,"Trn,Eval,Ttl=0:00:51.453163,0:00:00.041013,0:00:51.494175",51.49417519569397,200,0.01,False
DL_tfidf_results_2023-04-04-22-41-01,Hypercholesterolemia,all,0.7490782910431576,0.6862745098039216,0.6673130790777849,0.6683937823834197,"Trn,Eval,Ttl=0:00:46.080180,0:00:00.028751,0:00:46.108931",46.10893106460571,200,0.01,False
DL_tfidf_results_2023-04-04-22-41-01,Hypertension,all,0.6566596194503171,0.8847184986595173,0.4423592493297587,0.7932692307692307,"Trn,Eval,Ttl=0:00:58.734548,0:00:00.045771,0:00:58.780319",58.78031921386719,200,0.01,False
DL_tfidf_results_2023-04-04-22-41-01,Hypertriglyceridemia,all,0.5429519071310116,0.0,0.4820143884892086,0.9305555555555556,"Trn,Eval,Ttl=0:00:51.984054,0:00:00.047693,0:00:52.031748",52.031747579574585,200,0.01,False
DL_tfidf_results_2023-04-04-22-41-01,OA,all,0.6056380266906582,0.0,0.4488188976377952,0.8142857142857143,"Trn,Eval,Ttl=0:00:51.968158,0:00:00.047120,0:00:52.015278",52.01527786254883,200,0.01,False
DL_tfidf_results_2023-04-04-22-41-01,OSA,all,0.8061342592592593,0.3111111111111111,0.6161153519932145,0.8584474885844748,"Trn,Eval,Ttl=0:00:54.051356,0:00:00.039691,0:00:54.091047",54.09104681015015,200,0.01,False
DL_tfidf_results_2023-04-04-22-41-01,PVD,all,0.7310457516339869,0.0,0.452127659574468,0.8252427184466019,"Trn,Eval,Ttl=0:00:46.453539,0:00:00.031138,0:00:46.484676",46.484676361083984,200,0.01,False
DL_tfidf_results_2023-04-04-22-41-01,Venous Insufficiency,all,0.5661192739844425,0.0,0.4823848238482385,0.9319371727748692,"Trn,Eval,Ttl=0:00:43.304161,0:00:00.032131,0:00:43.336292",43.3362922668457,200,0.01,False
DL_tfidf_results_2023-04-04-22-41-01,Obesity,all,0.7800945232137894,0.6818181818181818,0.7242424242424241,0.7307692307692306,"Trn,Eval,Ttl=0:00:50.369332,0:00:00.036515,0:00:50.405847",50.4058473110199,200,0.01,False
DL_tfidf_results_2023-04-04-22-55-08,Asthma,all,0.5186136071887035,0.0,0.4464751958224543,0.8066037735849056,"Trn,Eval,Ttl=0:00:16.956444,0:00:00.090928,0:00:17.047373",17.047372579574585,20,0.01,False
DL_tfidf_results_2023-04-04-22-58-23,Asthma,all,0.6124661246612466,0.0,0.4464751958224543,0.8066037735849056,"Trn,Eval,Ttl=0:00:00.219037,0:00:00.036009,0:00:00.255046",0.2550456523895263,1,0.01,False
DL_tfidf_results_2023-04-04-22-58-23,CAD,all,0.7273291925465838,0.8022922636103152,0.4011461318051576,0.6698564593301436,"Trn,Eval,Ttl=0:00:00.197609,0:00:00.038297,0:00:00.235906",0.2359061241149902,1,0.01,False
DL_tfidf_results_2023-04-04-22-58-59,Asthma,all,0.6124661246612466,0.0,0.4464751958224543,0.8066037735849056,"Trn,Eval,Ttl=0:00:00.278951,0:00:00.027569,0:00:00.306520",0.3065199851989746,1,0.01,False
DL_tfidf_results_2023-04-04-23-01-46,Asthma,all,0.6124661246612466,0.0,0.4464751958224543,0.8066037735849056,"Trn,Eval,Ttl=0:00:00.228464,0:00:00.033084,0:00:00.261548",0.2615482807159424,1,0.01,False
DL_tfidf_results_2023-04-05-00-41-23,Asthma,all,0.6124661246612466,0.0,0.4464751958224543,0.8066037735849056,"Trn,Eval,Ttl=0:00:00.409167,0:00:00.031417,0:00:00.440584",0.4405839443206787,1,0.01,False
DL_tfidf_results_2023-04-05-08-39-19,Asthma,all,0.4677649408073028,0.0,0.4464751958224543,0.8066037735849056,"Trn,Eval,Ttl=0:00:05.142142,0:00:00.036642,0:00:05.178784",5.178784132003784,20,0.5,False
DL_tfidf_results_2023-04-05-08-39-19,Asthma,all,0.5648267008985879,0.3241106719367589,0.1620553359683794,0.1933962264150943,"Trn,Eval,Ttl=0:00:04.756197,0:00:00.043067,0:00:04.799264",4.799264430999756,20,0.0,False
DL_tfidf_results_2023-04-05-08-39-19,Asthma,all,0.5044929396662388,0.0,0.4464751958224543,0.8066037735849056,"Trn,Eval,Ttl=0:00:04.982260,0:00:00.045559,0:00:05.027818",5.027818202972412,20,1.0,False
DL_tfidf_results_2023-04-05-08-39-19,Asthma,all,0.6809299671944089,0.0,0.4464751958224543,0.8066037735849056,"Trn,Eval,Ttl=0:00:04.813091,0:00:00.057537,0:00:04.870628",4.870627880096436,20,0.01,False
DL_tfidf_results_2023-04-05-08-41-36,Asthma,all,0.4624875196120382,0.0,0.4464751958224543,0.8066037735849056,"Trn,Eval,Ttl=0:00:05.580472,0:00:00.054080,0:00:05.634552",5.634552478790283,20,0.5,False
DL_tfidf_results_2023-04-05-08-41-36,Asthma,all,0.4636285836542576,0.0,0.4464751958224543,0.8066037735849056,"Trn,Eval,Ttl=0:00:13.351777,0:00:00.046645,0:00:13.398421",13.39842128753662,20,0.1,False
DL_tfidf_results_2023-04-05-08-41-36,Asthma,all,0.6882042504635573,0.0,0.4464751958224543,0.8066037735849056,"Trn,Eval,Ttl=0:00:04.779182,0:00:00.031817,0:00:04.811000",4.810999631881714,20,0.01,False
DL_tfidf_results_2023-04-05-08-42-33,Asthma,all,0.4481529025816574,0.3241106719367589,0.1620553359683794,0.1933962264150943,"Trn,Eval,Ttl=0:00:12.232787,0:00:00.035593,0:00:12.268380",12.26837992668152,50,0.0,False
DL_tfidf_results_2023-04-05-08-47-58,Asthma,all,0.4683354728284125,0.0,0.4464751958224543,0.8066037735849056,"Trn,Eval,Ttl=0:00:13.374435,0:00:00.051142,0:00:13.425577",13.42557668685913,50,0.5,False
DL_tfidf_results_2023-04-05-08-47-58,Asthma,all,0.4736128940236771,0.0,0.4464751958224543,0.8066037735849056,"Trn,Eval,Ttl=0:00:20.828232,0:00:00.048267,0:00:20.876499",20.87649941444397,50,0.1,False
DL_tfidf_results_2023-04-05-08-47-58,Asthma,all,0.8020253886749393,0.3928571428571429,0.6502329192546583,0.839622641509434,"Trn,Eval,Ttl=0:00:12.658880,0:00:00.034178,0:00:12.693059",12.693058967590332,50,0.001,False
DL_tfidf_results_2023-04-05-08-47-58,Asthma,all,0.560119811724433,0.0,0.4464751958224543,0.8066037735849056,"Trn,Eval,Ttl=0:00:13.388626,0:00:00.039150,0:00:13.427776",13.427776336669922,50,0.0001,False
DL_tfidf_results_2023-04-05-08-57-02,Asthma,all,0.799885893595778,0.4210526315789473,0.6655671877240785,0.8443396226415094,"Trn,Eval,Ttl=0:00:12.098072,0:00:00.046887,0:00:12.144959",12.144958734512327,50,0.001,False
DL_tfidf_results_2023-04-05-08-57-31,Asthma,all,0.7734987876194552,0.3773584905660377,0.6442048517520216,0.8443396226415094,"Trn,Eval,Ttl=0:00:46.802361,0:00:00.033079,0:00:46.835439",46.83543920516968,200,0.001,False
DL_tfidf_results_2023-04-05-08-58-45,Asthma,all,0.7163029525032093,0.1739130434782609,0.5366919714745801,0.8207547169811321,"Trn,Eval,Ttl=0:00:06.126309,0:00:00.040329,0:00:06.166638",6.166637659072876,25,0.001,False
DL_tfidf_results_2023-04-05-09-07-40,Asthma,all,0.7918984453002424,0.4561403508771929,0.6858358430135283,0.8537735849056604,"Trn,Eval,Ttl=0:00:11.501169,0:00:00.029852,0:00:11.531022",11.53102159500122,50,0.001,False
DL_tfidf_results_2023-04-05-09-20-50,Asthma,all,0.5471402082441877,0.0,0.4464751958224543,0.8066037735849056,"Trn,Eval,Ttl=0:00:11.752578,0:00:00.043824,0:00:11.796402",11.796402215957642,50,0.001,False
DL_tfidf_results_2023-04-05-09-36-04,Asthma,all,0.5023534445870774,0.0,0.4464751958224543,0.8066037735849056,"Trn,Eval,Ttl=0:00:15.667075,0:00:00.040262,0:00:15.707337",15.707337379455566,50,0.001,False
DL_tfidf_results_2023-04-05-09-37-16,Asthma,all,0.5926401369276851,0.0,0.4464751958224543,0.8066037735849056,"Trn,Eval,Ttl=0:00:12.116273,0:00:00.035637,0:00:12.151910",12.151909828186035,50,0.001,False
DL_tfidf_results_2023-04-05-09-43-01,Asthma,all,0.5401511909855942,0.0,0.4464751958224543,0.8066037735849056,"Trn,Eval,Ttl=0:00:12.466493,0:00:00.029642,0:00:12.496135",12.496134519577026,50,0.001,False
DL_tfidf_results_2023-04-05-09-50-08,Asthma,all,0.5472828412494652,0.0,0.4464751958224543,0.8066037735849056,"Trn,Eval,Ttl=0:00:12.545362,0:00:00.054932,0:00:12.600294",12.60029411315918,50,0.001,False
DL_tfidf_results_2023-04-05-09-52-08,Asthma,all,0.7545285979175581,0.3773584905660377,0.6442048517520216,0.8443396226415094,"Trn,Eval,Ttl=0:00:12.052209,0:00:00.041589,0:00:12.093798",12.09379816055298,50,0.001,False
DL_tfidf_results_2023-04-05-09-55-08,Asthma,all,0.8247040365140493,0.4406779661016949,0.6751335035987927,0.8443396226415094,"Trn,Eval,Ttl=0:00:12.618536,0:00:00.044139,0:00:12.662676",12.662675857543944,50,0.001,False
DL_tfidf_results_2023-04-05-10-11-31,Asthma,all,0.8289830266723719,0.3859649122807017,0.6452985324346288,0.8349056603773584,"Trn,Eval,Ttl=0:00:12.284580,0:00:00.038424,0:00:12.323004",12.323004245758057,50,0.001,False
DL_tfidf_results_2023-04-05-10-13-43,Asthma,all,0.8552274996434175,0.5333333333333333,0.7282051282051282,0.8679245283018869,"Trn,Eval,Ttl=0:00:12.049188,0:00:00.042855,0:00:12.092043",12.092042684555054,50,0.001,False
DL_tfidf_results_2023-04-05-10-14-25,Asthma,all,0.8386820710312366,0.5573770491803278,0.7414984419455358,0.8726415094339622,"Trn,Eval,Ttl=0:00:24.318573,0:00:00.044501,0:00:24.363074",24.36307382583618,100,0.001,False
DL_tfidf_results_2023-04-05-10-16-50,Asthma,all,0.5176864926544003,0.0,0.4464751958224543,0.8066037735849056,"Trn,Eval,Ttl=0:01:11.743095,0:00:00.045864,0:01:11.788959",71.78895926475525,100,0.1,False
DL_tfidf_results_2023-04-05-10-16-50,Asthma,all,0.8105833689915847,0.4761904761904761,0.6923888669041023,0.8443396226415094,"Trn,Eval,Ttl=0:00:24.530244,0:00:00.033245,0:00:24.563489",24.56348919868469,100,0.01,False
DL_tfidf_results_2023-04-05-10-16-50,Asthma,all,0.8130081300813008,0.3703703703703703,0.6392392392392392,0.839622641509434,"Trn,Eval,Ttl=0:00:24.702476,0:00:00.050489,0:00:24.752965",24.752964973449707,100,0.001,False
DL_tfidf_results_2023-04-05-10-24-20,Asthma,all,0.5,0.0,0.4464751958224543,0.8066037735849056,"Trn,Eval,Ttl=0:00:25.597586,0:00:00.034161,0:00:25.631747",25.63174748420716,100,0.01,False
DL_tfidf_results_2023-04-05-10-26-49,Asthma,all,0.8463842533162174,0.5507246376811594,0.7317003470095937,0.8537735849056604,"Trn,Eval,Ttl=0:00:24.494215,0:00:00.040166,0:00:24.534380",24.534380435943604,100,0.01,False
DL_tfidf_results_2023-04-05-10-31-03,Asthma,all,0.8137926116103266,0.5000000000000001,0.7055555555555555,0.8490566037735849,"Trn,Eval,Ttl=0:00:23.956207,0:00:00.032252,0:00:23.988460",23.988459587097168,100,0.01,False
DL_tfidf_results_2023-04-05-10-33-22,Asthma,all,0.8227071744401655,0.53125,0.7239583333333334,0.8584905660377359,"Trn,Eval,Ttl=0:00:23.401178,0:00:00.041755,0:00:23.442933",23.442933320999146,100,0.01,False
DL_tfidf_results_2023-04-05-10-33-22,CAD,all,0.8957556935817805,0.8447653429602888,0.7699004019765983,0.7942583732057417,"Trn,Eval,Ttl=0:00:23.957716,0:00:00.033138,0:00:23.990855",23.990854740142822,100,0.01,False
DL_tfidf_results_2023-04-05-10-33-22,CHF,all,0.8399913156752062,0.845360824742268,0.7664304123711341,0.7931034482758621,"Trn,Eval,Ttl=0:00:17.216355,0:00:00.025395,0:00:17.241751",17.241750717163086,100,0.01,False
DL_tfidf_results_2023-04-05-10-33-22,Depression,all,0.7164909638554218,0.4096385542168674,0.6338047843548105,0.7710280373831775,"Trn,Eval,Ttl=0:00:24.888709,0:00:00.031629,0:00:24.920337",24.92033743858337,100,0.01,False
DL_tfidf_results_2023-04-05-10-33-22,Diabetes,all,0.8757098467802421,0.8698412698412699,0.7535047057170952,0.808411214953271,"Trn,Eval,Ttl=0:00:25.011042,0:00:00.039156,0:00:25.050199",25.05019879341125,100,0.01,False
DL_tfidf_results_2023-04-05-10-33-22,Gallstones,all,0.5346718146718147,0.09375,0.4697473404255319,0.7363636363636363,"Trn,Eval,Ttl=0:00:25.227420,0:00:00.041811,0:00:25.269230",25.269230127334595,100,0.01,False
DL_tfidf_results_2023-04-05-10-33-22,GERD,all,0.5962282398452611,0.325,0.5693965517241378,0.7081081081081082,"Trn,Eval,Ttl=0:00:21.925527,0:00:00.029824,0:00:21.955351",21.95535087585449,100,0.01,False
DL_tfidf_results_2023-04-05-10-33-22,Gout,all,0.7161361954108069,0.3396226415094339,0.624824174225154,0.8416289592760181,"Trn,Eval,Ttl=0:00:25.516599,0:00:00.034352,0:00:25.550951",25.55095076560974,100,0.01,False
DL_tfidf_results_2023-04-05-10-33-22,Hypercholesterolemia,all,0.7734764693125137,0.6857142857142857,0.6553571428571429,0.6580310880829016,"Trn,Eval,Ttl=0:00:22.497625,0:00:00.032532,0:00:22.530158",22.530157804489136,100,0.01,False
DL_tfidf_results_2023-04-05-10-33-22,Hypertension,all,0.7221987315010571,0.8802228412256268,0.562918438156673,0.7932692307692307,"Trn,Eval,Ttl=0:00:24.887658,0:00:00.042681,0:00:24.930339",24.930339097976685,100,0.01,False
DL_tfidf_results_2023-04-05-10-33-22,Hypertriglyceridemia,all,0.5257048092868989,0.0,0.4782608695652174,0.9166666666666666,"Trn,Eval,Ttl=0:00:25.879631,0:00:00.035807,0:00:25.915438",25.91543769836425,100,0.01,False
DL_tfidf_results_2023-04-05-10-33-22,OA,all,0.7396911081121608,0.3939393939393939,0.640472521828454,0.8095238095238095,"Trn,Eval,Ttl=0:00:25.006915,0:00:00.041914,0:00:25.048829",25.04882860183716,100,0.01,False
DL_tfidf_results_2023-04-05-10-33-22,OSA,all,0.7793209876543209,0.36,0.6387628865979381,0.8538812785388128,"Trn,Eval,Ttl=0:00:25.949483,0:00:00.032680,0:00:25.982163",25.982163190841675,100,0.01,False
DL_tfidf_results_2023-04-05-10-33-22,PVD,all,0.8390522875816993,0.6086956521739131,0.7649892255038662,0.8689320388349513,"Trn,Eval,Ttl=0:00:24.899819,0:00:00.037666,0:00:24.937485",24.937485456466675,100,0.01,False
DL_tfidf_results_2023-04-05-10-33-22,Venous Insufficiency,all,0.7221261884183232,0.1052631578947368,0.5292156009859359,0.9109947643979056,"Trn,Eval,Ttl=0:00:22.556150,0:00:00.033566,0:00:22.589715",22.589715480804443,100,0.01,False
DL_tfidf_results_2023-04-05-10-33-22,Obesity,all,0.8065054211843203,0.7027027027027027,0.7323037323037324,0.735576923076923,"Trn,Eval,Ttl=0:00:24.773283,0:00:00.033417,0:00:24.806700",24.806699752807617,100,0.01,False
DL_tfidf_results_2023-04-05-10-44-25,Asthma,all,0.8295535586934816,0.5671641791044776,0.7429658430536394,0.8632075471698113,"Trn,Eval,Ttl=0:00:11.723782,0:00:00.035716,0:00:11.759497",11.75949740409851,50,0.01,False
DL_tfidf_results_2023-04-05-10-44-25,CAD,all,0.8959627329192547,0.8705035971223022,0.8066803699897225,0.8277511961722487,"Trn,Eval,Ttl=0:00:11.151052,0:00:00.042739,0:00:11.193791",11.193790912628174,50,0.01,False
DL_tfidf_results_2023-04-05-10-44-25,CHF,all,0.8471558836300478,0.8686868686868686,0.7930390865173473,0.8206896551724138,"Trn,Eval,Ttl=0:00:07.893132,0:00:00.032808,0:00:07.925940",7.925940036773682,50,0.01,False
DL_tfidf_results_2023-04-05-10-44-25,Depression,all,0.7321787148594378,0.3953488372093023,0.6216510267917856,0.7570093457943925,"Trn,Eval,Ttl=0:00:11.268783,0:00:00.033993,0:00:11.302775",11.302775382995604,50,0.01,False
DL_tfidf_results_2023-04-05-10-44-25,Diabetes,all,0.8788171006107361,0.8867924528301887,0.7797598627787308,0.8317757009345794,"Trn,Eval,Ttl=0:00:11.486585,0:00:00.040763,0:00:11.527348",11.527348041534424,50,0.01,False
DL_tfidf_results_2023-04-05-10-44-25,Gallstones,all,0.4974517374517374,0.2,0.5243243243243244,0.7454545454545455,"Trn,Eval,Ttl=0:00:11.947035,0:00:00.046833,0:00:11.993868",11.993868350982666,50,0.01,False
DL_tfidf_results_2023-04-05-10-44-25,GERD,all,0.6408768536428111,0.3636363636363636,0.5825274016763379,0.6972972972972973,"Trn,Eval,Ttl=0:00:10.237565,0:00:00.038244,0:00:10.275809",10.275809288024902,50,0.01,False
DL_tfidf_results_2023-04-05-10-44-25,Gout,all,0.7092894152479645,0.32,0.6166326530612245,0.8461538461538461,"Trn,Eval,Ttl=0:00:12.011160,0:00:00.031919,0:00:12.043079",12.043079376220703,50,0.01,False
DL_tfidf_results_2023-04-05-10-44-25,Hypercholesterolemia,all,0.7580785079158534,0.6948356807511736,0.6595565686992862,0.6632124352331606,"Trn,Eval,Ttl=0:00:10.585002,0:00:00.047843,0:00:10.632845",10.632844924926758,50,0.01,False
DL_tfidf_results_2023-04-05-10-44-25,Hypertension,all,0.6871035940803383,0.8901408450704226,0.6253982913876703,0.8125,"Trn,Eval,Ttl=0:00:11.370607,0:00:00.044676,0:00:11.415283",11.41528296470642,50,0.01,False
DL_tfidf_results_2023-04-05-10-44-25,Hypertriglyceridemia,all,0.5157545605306799,0.0,0.4795180722891566,0.9212962962962964,"Trn,Eval,Ttl=0:00:11.845303,0:00:00.033339,0:00:11.878641",11.87864112854004,50,0.01,False
DL_tfidf_results_2023-04-05-10-44-25,OA,all,0.7780776728145149,0.4225352112676056,0.6525283506194761,0.8047619047619048,"Trn,Eval,Ttl=0:00:11.575433,0:00:00.047100,0:00:11.622532",11.6225323677063,50,0.01,False
DL_tfidf_results_2023-04-05-10-44-25,OSA,all,0.7721836419753086,0.3703703703703703,0.6409143518518519,0.8447488584474886,"Trn,Eval,Ttl=0:00:12.184585,0:00:00.047853,0:00:12.232438",12.232438325881958,50,0.01,False
DL_tfidf_results_2023-04-05-10-44-25,PVD,all,0.8428104575163399,0.6153846153846154,0.7716692529372644,0.8786407766990291,"Trn,Eval,Ttl=0:00:17.819676,0:00:00.040512,0:00:17.860188",17.860187768936157,50,0.01,False
DL_tfidf_results_2023-04-05-10-44-25,Venous Insufficiency,all,0.7329299913569577,0.25,0.6086065573770492,0.93717277486911,"Trn,Eval,Ttl=0:00:10.531584,0:00:00.036833,0:00:10.568418",10.5684175491333,50,0.01,False
DL_tfidf_results_2023-04-05-10-44-25,Obesity,all,0.7893615049578353,0.6777777777777777,0.7160075329566855,0.7211538461538461,"Trn,Eval,Ttl=0:00:12.014143,0:00:00.036308,0:00:12.050451",12.050450563430786,50,0.01,False
DL_tfidf_results_2023-04-05-10-50-59,Asthma,all,0.4506489801740123,0.0,0.4464751958224543,0.8066037735849056,"Trn,Eval,Ttl=0:00:32.485836,0:00:00.044803,0:00:32.530640",32.5306396484375,50,0.1,False
DL_tfidf_results_2023-04-05-10-50-59,Asthma,all,0.8296961916987591,0.5000000000000001,0.7055555555555555,0.8490566037735849,"Trn,Eval,Ttl=0:00:11.482094,0:00:00.040781,0:00:11.522875",11.52287483215332,50,0.01,False
DL_tfidf_results_2023-04-05-10-50-59,Asthma,all,0.8232777064612752,0.4285714285714285,0.670807453416149,0.8490566037735849,"Trn,Eval,Ttl=0:00:11.593206,0:00:00.033612,0:00:11.626818",11.62681794166565,50,0.001,False
DL_tfidf_results_2023-04-05-10-50-59,Asthma,all,0.5452859791755813,0.0,0.4464751958224543,0.8066037735849056,"Trn,Eval,Ttl=0:00:11.698668,0:00:00.044758,0:00:11.743426",11.743426084518433,50,0.0001,False
DL_tfidf_results_2023-04-05-10-50-59,CAD,all,0.4365424430641822,0.8022922636103152,0.4011461318051576,0.6698564593301436,"Trn,Eval,Ttl=0:00:21.419328,0:00:00.030198,0:00:21.449525",21.449525356292725,50,0.1,False
DL_tfidf_results_2023-04-05-10-50-59,CAD,all,0.8980331262939959,0.8444444444444444,0.7803303303303304,0.7990430622009569,"Trn,Eval,Ttl=0:00:12.117508,0:00:00.046232,0:00:12.163740",12.163739919662476,50,0.01,False
DL_tfidf_results_2023-04-05-10-50-59,CAD,all,0.8900621118012423,0.8478260869565217,0.7760257195345989,0.7990430622009569,"Trn,Eval,Ttl=0:00:11.721150,0:00:00.058868,0:00:11.780018",11.780018091201782,50,0.001,False
DL_tfidf_results_2023-04-05-10-50-59,CAD,all,0.8526915113871636,0.8164794007490637,0.7459880447453928,0.7655502392344498,"Trn,Eval,Ttl=0:00:11.635405,0:00:00.034134,0:00:11.669539",11.669538974761965,50,0.0001,False
DL_tfidf_results_2023-04-05-10-50-59,CHF,all,0.6128962223187148,0.74,0.5811111111111111,0.6413793103448275,"Trn,Eval,Ttl=0:00:11.822743,0:00:00.039298,0:00:11.862041",11.862040758132936,50,0.1,False
DL_tfidf_results_2023-04-05-10-50-59,CHF,all,0.8528006947459834,0.8484848484848485,0.7611989459815547,0.7931034482758621,"Trn,Eval,Ttl=0:00:08.639115,0:00:00.022036,0:00:08.661151",8.66115117073059,50,0.01,False
DL_tfidf_results_2023-04-05-10-50-59,CHF,all,0.8584455058619193,0.8613861386138615,0.7716021602160217,0.8068965517241379,"Trn,Eval,Ttl=0:00:09.008123,0:00:00.047302,0:00:09.055425",9.05542516708374,50,0.001,False
DL_tfidf_results_2023-04-05-10-50-59,CHF,all,0.6804168475900999,0.8065843621399177,0.4032921810699588,0.6758620689655173,"Trn,Eval,Ttl=0:00:09.053746,0:00:00.036260,0:00:09.090005",9.09000539779663,50,0.0001,False
DL_tfidf_results_2023-04-05-10-50-59,Depression,all,0.536144578313253,0.0399999999999999,0.4565079365079365,0.7757009345794392,"Trn,Eval,Ttl=0:00:30.769495,0:00:00.045682,0:00:30.815177",30.815176725387573,50,0.1,False
DL_tfidf_results_2023-04-05-10-50-59,Depression,all,0.7369477911646587,0.4186046511627907,0.6362029103767171,0.766355140186916,"Trn,Eval,Ttl=0:00:12.153337,0:00:00.041016,0:00:12.194353",12.194352865219116,50,0.01,False
DL_tfidf_results_2023-04-05-10-50-59,Depression,all,0.7290411646586346,0.380952380952381,0.6148947951273533,0.7570093457943925,"Trn,Eval,Ttl=0:00:12.334617,0:00:00.032076,0:00:12.366693",12.366693019866943,50,0.001,False
DL_tfidf_results_2023-04-05-10-50-59,Depression,all,0.4843122489959839,0.0,0.4368421052631578,0.7757009345794392,"Trn,Eval,Ttl=0:00:12.669040,0:00:00.043120,0:00:12.712160",12.712159872055054,50,0.0001,False
DL_tfidf_results_2023-04-05-10-50-59,Diabetes,all,0.4855351976856317,0.8337874659400546,0.4168937329700273,0.7149532710280373,"Trn,Eval,Ttl=0:00:31.565769,0:00:00.033423,0:00:31.599192",31.599191904068,50,0.1,False
DL_tfidf_results_2023-04-05-10-50-59,Diabetes,all,0.8774241937212043,0.8717948717948718,0.7634836427939877,0.8130841121495327,"Trn,Eval,Ttl=0:00:12.616658,0:00:00.029437,0:00:12.646094",12.64609432220459,50,0.01,False
DL_tfidf_results_2023-04-05-10-50-59,Diabetes,all,0.8442087217400621,0.8670886075949368,0.7460443037974684,0.8037383177570093,"Trn,Eval,Ttl=0:00:11.983032,0:00:00.025140,0:00:12.008172",12.008171558380129,50,0.001,False
DL_tfidf_results_2023-04-05-10-50-59,Diabetes,all,0.665380906460945,0.8337874659400546,0.4168937329700273,0.7149532710280373,"Trn,Eval,Ttl=0:00:12.047374,0:00:00.038824,0:00:12.086198",12.0861976146698,50,0.0001,False
DL_tfidf_results_2023-04-05-10-50-59,Gallstones,all,0.5567567567567566,0.0,0.4554455445544554,0.8363636363636363,"Trn,Eval,Ttl=0:00:26.527120,0:00:00.052911,0:00:26.580031",26.58003115653992,50,0.1,False
DL_tfidf_results_2023-04-05-10-50-59,Gallstones,all,0.4846332046332046,0.1875,0.5246010638297872,0.7636363636363637,"Trn,Eval,Ttl=0:00:12.746829,0:00:00.046678,0:00:12.793506",12.793506383895874,50,0.01,False
DL_tfidf_results_2023-04-05-10-50-59,Gallstones,all,0.5853281853281852,0.0869565217391304,0.4901787684837784,0.8090909090909091,"Trn,Eval,Ttl=0:00:12.530890,0:00:00.031640,0:00:12.562530",12.562530279159546,50,0.001,False
DL_tfidf_results_2023-04-05-10-50-59,Gallstones,all,0.4972972972972973,0.0,0.4567901234567901,0.8409090909090909,"Trn,Eval,Ttl=0:00:12.194026,0:00:00.061954,0:00:12.255980",12.255980014801024,50,0.0001,False
DL_tfidf_results_2023-04-05-10-50-59,GERD,all,0.519825918762089,0.0,0.4325153374233129,0.7621621621621621,"Trn,Eval,Ttl=0:00:22.569288,0:00:00.031676,0:00:22.600964",22.60096406936645,50,0.1,False
DL_tfidf_results_2023-04-05-10-50-59,GERD,all,0.6199226305609284,0.3170731707317074,0.5613143631436315,0.6972972972972973,"Trn,Eval,Ttl=0:00:10.843326,0:00:00.035789,0:00:10.879115",10.879115343093872,50,0.01,False
DL_tfidf_results_2023-04-05-10-50-59,GERD,all,0.5786589297227595,0.25,0.521551724137931,0.6756756756756757,"Trn,Eval,Ttl=0:00:10.059955,0:00:00.027926,0:00:10.087881",10.087880611419678,50,0.001,False
DL_tfidf_results_2023-04-05-10-50-59,GERD,all,0.5311089619600258,0.0,0.4325153374233129,0.7621621621621621,"Trn,Eval,Ttl=0:00:10.020133,0:00:00.027794,0:00:10.047927",10.047926902770996,50,0.0001,False
DL_tfidf_results_2023-04-05-10-50-59,Gout,all,0.4532753515914138,0.0,0.466183574879227,0.8733031674208145,"Trn,Eval,Ttl=0:00:22.496156,0:00:00.047775,0:00:22.543931",22.54393124580384,50,0.1,False
DL_tfidf_results_2023-04-05-10-50-59,Gout,all,0.7276091783863804,0.3018867924528302,0.6033855556094485,0.8325791855203619,"Trn,Eval,Ttl=0:00:12.827631,0:00:00.073082,0:00:12.900712",12.900712490081789,50,0.01,False
DL_tfidf_results_2023-04-05-10-50-59,Gout,all,0.6989267209474465,0.1951219512195122,0.5564138434401801,0.8506787330316742,"Trn,Eval,Ttl=0:00:12.230188,0:00:00.031695,0:00:12.261883",12.26188349723816,50,0.001,False
DL_tfidf_results_2023-04-05-10-50-59,Gout,all,0.5038860103626943,0.0,0.466183574879227,0.8733031674208145,"Trn,Eval,Ttl=0:00:12.202666,0:00:00.031644,0:00:12.234310",12.234310388565063,50,0.0001,False
DL_tfidf_results_2023-04-05-10-50-59,Hypercholesterolemia,all,0.424202992843201,0.6941580756013744,0.3786579851691082,0.538860103626943,"Trn,Eval,Ttl=0:00:16.092025,0:00:00.037925,0:00:16.129950",16.129949808120728,50,0.1,False
DL_tfidf_results_2023-04-05-10-50-59,Hypercholesterolemia,all,0.7563435263500325,0.6976744186046512,0.6587787297701618,0.6632124352331606,"Trn,Eval,Ttl=0:00:11.522849,0:00:00.046074,0:00:11.568923",11.568923473358154,50,0.01,False
DL_tfidf_results_2023-04-05-10-50-59,Hypercholesterolemia,all,0.7508132726089785,0.7019230769230769,0.6768042350907519,0.6787564766839378,"Trn,Eval,Ttl=0:00:10.737957,0:00:00.047271,0:00:10.785228",10.78522801399231,50,0.001,False
DL_tfidf_results_2023-04-05-10-50-59,Hypercholesterolemia,all,0.6565820863153329,0.5945945945945946,0.6107301331181929,0.6113989637305699,"Trn,Eval,Ttl=0:00:10.451024,0:00:00.023041,0:00:10.474065",10.474064826965332,50,0.0001,False
DL_tfidf_results_2023-04-05-10-50-59,Hypertension,all,0.5718816067653276,0.8847184986595173,0.4423592493297587,0.7932692307692307,"Trn,Eval,Ttl=0:00:24.334333,0:00:00.047659,0:00:24.381992",24.38199210166931,50,0.1,False
DL_tfidf_results_2023-04-05-10-50-59,Hypertension,all,0.7103594080338266,0.8728323699421965,0.622130470685384,0.7884615384615384,"Trn,Eval,Ttl=0:00:12.243555,0:00:00.045661,0:00:12.289216",12.28921604156494,50,0.01,False
DL_tfidf_results_2023-04-05-10-50-59,Hypertension,all,0.7420718816067653,0.8882521489971346,0.6530812983791643,0.8125,"Trn,Eval,Ttl=0:00:13.081670,0:00:00.031637,0:00:13.113307",13.113307237625122,50,0.001,False
DL_tfidf_results_2023-04-05-10-50-59,Hypertension,all,0.5663143058491895,0.8847184986595173,0.4423592493297587,0.7932692307692307,"Trn,Eval,Ttl=0:00:11.552528,0:00:00.031645,0:00:11.584173",11.584173202514648,50,0.0001,False
DL_tfidf_results_2023-04-05-10-50-59,Hypertriglyceridemia,all,0.4933665008291874,0.0,0.4820143884892086,0.9305555555555556,"Trn,Eval,Ttl=0:00:31.200316,0:00:00.044417,0:00:31.244733",31.244733333587646,50,0.1,False
DL_tfidf_results_2023-04-05-10-50-59,Hypertriglyceridemia,all,0.5290215588723052,0.0,0.4782608695652174,0.9166666666666666,"Trn,Eval,Ttl=0:00:12.578836,0:00:00.061715,0:00:12.640551",12.64055109024048,50,0.01,False
DL_tfidf_results_2023-04-05-10-50-59,Hypertriglyceridemia,all,0.4378109452736318,0.0,0.4820143884892086,0.9305555555555556,"Trn,Eval,Ttl=0:00:19.262431,0:00:00.031644,0:00:19.294075",19.29407453536988,50,0.001,False
DL_tfidf_results_2023-04-05-10-50-59,Hypertriglyceridemia,all,0.5482587064676616,0.0,0.4820143884892086,0.9305555555555556,"Trn,Eval,Ttl=0:00:12.990404,0:00:00.047006,0:00:13.037410",13.037410020828249,50,0.0001,False
DL_tfidf_results_2023-04-05-10-50-59,OA,all,0.5089968511021143,0.0,0.4488188976377952,0.8142857142857143,"Trn,Eval,Ttl=0:00:25.954663,0:00:00.062486,0:00:26.017150",26.017149686813354,50,0.1,False
DL_tfidf_results_2023-04-05-10-50-59,OA,all,0.7534862798020694,0.3947368421052631,0.6305079559363524,0.780952380952381,"Trn,Eval,Ttl=0:00:11.933933,0:00:00.062540,0:00:11.996473",11.99647307395935,50,0.01,False
DL_tfidf_results_2023-04-05-10-50-59,OA,all,0.7399910031488979,0.4,0.6399999999999999,0.8000000000000002,"Trn,Eval,Ttl=0:00:11.415657,0:00:00.047389,0:00:11.463045",11.463045120239258,50,0.001,False
DL_tfidf_results_2023-04-05-10-50-59,OA,all,0.597690808217124,0.0,0.4488188976377952,0.8142857142857143,"Trn,Eval,Ttl=0:00:11.568156,0:00:00.031363,0:00:11.599519",11.59951901435852,50,0.0001,False
DL_tfidf_results_2023-04-05-10-50-59,OSA,all,0.4985532407407407,0.0,0.4658536585365853,0.8721461187214612,"Trn,Eval,Ttl=0:00:25.778017,0:00:00.040218,0:00:25.818235",25.81823468208313,50,0.1,False
DL_tfidf_results_2023-04-05-10-50-59,OSA,all,0.7451774691358024,0.3043478260869565,0.611357586512866,0.8538812785388128,"Trn,Eval,Ttl=0:00:12.069490,0:00:00.031637,0:00:12.101127",12.101126670837402,50,0.01,False
DL_tfidf_results_2023-04-05-10-50-59,OSA,all,0.8310185185185185,0.3555555555555555,0.6408821034775234,0.867579908675799,"Trn,Eval,Ttl=0:00:13.292918,0:00:00.032006,0:00:13.324924",13.32492446899414,50,0.001,False
DL_tfidf_results_2023-04-05-10-50-59,OSA,all,0.6205632716049383,0.0,0.4671532846715328,0.8767123287671232,"Trn,Eval,Ttl=0:00:12.234301,0:00:00.031137,0:00:12.265438",12.265437841415403,50,0.0001,False
DL_tfidf_results_2023-04-05-10-50-59,PVD,all,0.552859477124183,0.0,0.452127659574468,0.8252427184466019,"Trn,Eval,Ttl=0:00:18.291124,0:00:00.039812,0:00:18.330936",18.330935955047607,50,0.1,False
DL_tfidf_results_2023-04-05-10-50-59,PVD,all,0.8455882352941175,0.6562499999999999,0.7965158045977011,0.8932038834951457,"Trn,Eval,Ttl=0:00:12.752749,0:00:00.031174,0:00:12.783923",12.783923149108888,50,0.01,False
DL_tfidf_results_2023-04-05-10-50-59,PVD,all,0.8013071895424837,0.5423728813559322,0.7329428146156431,0.8689320388349513,"Trn,Eval,Ttl=0:00:12.402438,0:00:00.066697,0:00:12.469134",12.469134330749512,50,0.001,False
DL_tfidf_results_2023-04-05-10-50-59,PVD,all,0.5741830065359477,0.0,0.452127659574468,0.8252427184466019,"Trn,Eval,Ttl=0:00:11.697506,0:00:00.031021,0:00:11.728527",11.72852659225464,50,0.0001,False
DL_tfidf_results_2023-04-05-10-50-59,Venous Insufficiency,all,0.429343128781331,0.0,0.4823848238482385,0.9319371727748692,"Trn,Eval,Ttl=0:00:24.955563,0:00:00.033135,0:00:24.988698",24.98869776725769,50,0.1,False
DL_tfidf_results_2023-04-05-10-50-59,Venous Insufficiency,all,0.6694036300777875,0.1904761904761905,0.5716923888669041,0.9109947643979056,"Trn,Eval,Ttl=0:00:10.459892,0:00:00.063387,0:00:10.523280",10.523279666900637,50,0.01,False
DL_tfidf_results_2023-04-05-10-50-59,Venous Insufficiency,all,0.6750216076058773,0.1333333333333333,0.5489554950045413,0.9319371727748692,"Trn,Eval,Ttl=0:00:10.346761,0:00:00.047102,0:00:10.393863",10.3938627243042,50,0.001,False
DL_tfidf_results_2023-04-05-10-50-59,Venous Insufficiency,all,0.4451166810717372,0.0,0.4823848238482385,0.9319371727748692,"Trn,Eval,Ttl=0:00:10.281973,0:00:00.031327,0:00:10.313300",10.313300132751465,50,0.0001,False
DL_tfidf_results_2023-04-05-10-50-59,Obesity,all,0.5445278472801408,0.1391304347826087,0.4051133901487794,0.5240384615384616,"Trn,Eval,Ttl=0:00:16.150184,0:00:00.031243,0:00:16.181427",16.181427001953125,50,0.1,False
DL_tfidf_results_2023-04-05-10-50-59,Obesity,all,0.8365304420350291,0.7032967032967034,0.7362637362637363,0.7403846153846154,"Trn,Eval,Ttl=0:00:12.436203,0:00:00.031640,0:00:12.467843",12.46784257888794,50,0.01,False
DL_tfidf_results_2023-04-05-10-50-59,Obesity,all,0.780650542118432,0.6629834254143646,0.701704478664629,0.7067307692307693,"Trn,Eval,Ttl=0:00:11.839574,0:00:00.046708,0:00:11.886282",11.886282444000244,50,0.001,False
DL_tfidf_results_2023-04-05-10-50-59,Obesity,all,0.6706514688166064,0.6515837104072398,0.6283559577677225,0.6298076923076923,"Trn,Eval,Ttl=0:00:11.444482,0:00:00.047290,0:00:11.491772",11.491772174835203,50,0.0001,False
DL_tfidf_results_2023-04-05-20-01-41,Asthma,all,0.803594351732991,0.5454545454545455,0.7308278313864907,0.8584905660377359,"Trn,Eval,Ttl=0:00:11.740633,0:00:00.084826,0:00:11.825459",11.825458526611328,50,0.01,False
DL_tfidf_results_2023-04-05-20-03-46,Asthma,all,0.8215661103979461,0.4262295081967213,0.664905387707176,0.8349056603773584,"Trn,Eval,Ttl=0:00:11.901781,0:00:00.047021,0:00:11.948803",11.948802709579468,50,0.01,False
DL_tfidf_results_2023-04-05-20-06-04,Asthma,all,0.8234203394665527,0.5757575757575758,0.7487726426273913,0.8679245283018869,"Trn,Eval,Ttl=0:00:11.974671,0:00:00.030396,0:00:12.005067",12.005066871643066,50,0.01,False
DL_tfidf_results_2023-04-05-20-06-04,Asthma,ExtraTreeClassifier,0.5058479532163742,0.0,0.4464751958224543,0.8066037735849056,"Trn,Eval,Ttl=0:00:12.123232,0:00:00.031530,0:00:12.154762",12.154761791229248,50,0.01,False
DL_tfidf_results_2023-04-05-20-06-04,CAD,all,0.8994824016563147,0.8581818181818183,0.7927272727272727,0.8133971291866029,"Trn,Eval,Ttl=0:00:11.791831,0:00:00.025449,0:00:11.817280",11.817279815673828,50,0.01,False
DL_tfidf_results_2023-04-05-20-06-04,CAD,ExtraTreeClassifier,0.5,0.8022922636103152,0.4011461318051576,0.6698564593301436,"Trn,Eval,Ttl=0:00:12.774040,0:00:00.040876,0:00:12.814916",12.814916372299194,50,0.01,False
DL_tfidf_results_2023-04-05-20-06-04,CHF,all,0.8330438558402085,0.8367346938775511,0.7481545809813287,0.7793103448275862,"Trn,Eval,Ttl=0:00:08.252756,0:00:00.031194,0:00:08.283951",8.283950567245483,50,0.01,False
DL_tfidf_results_2023-04-05-20-06-04,CHF,ExtraTreeClassifier,0.5102040816326531,0.8065843621399177,0.4032921810699588,0.6758620689655173,"Trn,Eval,Ttl=0:00:08.377799,0:00:00.047597,0:00:08.425396",8.42539644241333,50,0.01,False
DL_tfidf_results_2023-04-05-20-06-04,Depression,all,0.7348142570281125,0.325,0.5849137931034483,0.7476635514018691,"Trn,Eval,Ttl=0:00:11.859268,0:00:00.043687,0:00:11.902955",11.902954816818236,50,0.01,False
DL_tfidf_results_2023-04-05-20-06-04,Depression,ExtraTreeClassifier,0.5,0.0,0.4368421052631578,0.7757009345794392,"Trn,Eval,Ttl=0:00:12.922689,0:00:00.047266,0:00:12.969954",12.969954252243042,50,0.01,False
DL_tfidf_results_2023-04-05-20-06-04,Diabetes,all,0.8648880317154184,0.8745980707395498,0.7706323687031083,0.8177570093457944,"Trn,Eval,Ttl=0:00:11.891144,0:00:00.046409,0:00:11.937553",11.93755292892456,50,0.01,False
DL_tfidf_results_2023-04-05-20-06-04,Diabetes,ExtraTreeClassifier,0.4901425050894675,0.8337874659400546,0.4168937329700273,0.7149532710280373,"Trn,Eval,Ttl=0:00:12.127595,0:00:00.043856,0:00:12.171452",12.171451807022097,50,0.01,False
DL_tfidf_results_2023-04-05-20-06-04,Gallstones,all,0.4988416988416987,0.125,0.488031914893617,0.7454545454545455,"Trn,Eval,Ttl=0:00:11.985902,0:00:00.047882,0:00:12.033784",12.033783912658691,50,0.01,False
DL_tfidf_results_2023-04-05-20-06-04,Gallstones,ExtraTreeClassifier,0.5,0.0,0.4567901234567901,0.8409090909090909,"Trn,Eval,Ttl=0:00:12.171729,0:00:00.078391,0:00:12.250120",12.250119924545288,50,0.01,False
DL_tfidf_results_2023-04-05-20-06-04,GERD,all,0.6136363636363636,0.2857142857142857,0.5490004875670405,0.7027027027027027,"Trn,Eval,Ttl=0:00:10.156280,0:00:00.031158,0:00:10.187438",10.187438249588013,50,0.01,False
DL_tfidf_results_2023-04-05-20-06-04,GERD,ExtraTreeClassifier,0.5,0.0,0.4325153374233129,0.7621621621621621,"Trn,Eval,Ttl=0:00:10.484412,0:00:00.031226,0:00:10.515638",10.51563835144043,50,0.01,False
DL_tfidf_results_2023-04-05-20-06-04,Gout,all,0.7522205773501109,0.2962962962962963,0.5991790759831997,0.8280542986425339,"Trn,Eval,Ttl=0:00:12.985002,0:00:00.047657,0:00:13.032659",13.032658576965332,50,0.01,False
DL_tfidf_results_2023-04-05-20-06-04,Gout,ExtraTreeClassifier,0.5051813471502591,0.0,0.466183574879227,0.8733031674208145,"Trn,Eval,Ttl=0:00:12.469022,0:00:00.042653,0:00:12.511675",12.511674880981444,50,0.01,False
DL_tfidf_results_2023-04-05-20-06-04,Hypercholesterolemia,all,0.76881370635437,0.6956521739130435,0.6718484333252368,0.6735751295336787,"Trn,Eval,Ttl=0:00:11.541384,0:00:00.046631,0:00:11.588015",11.588014602661133,50,0.01,False
DL_tfidf_results_2023-04-05-20-06-04,Hypercholesterolemia,ExtraTreeClassifier,0.5,0.7090301003344481,0.354515050167224,0.5492227979274611,"Trn,Eval,Ttl=0:00:11.079327,0:00:00.072952,0:00:11.152278",11.152278423309326,50,0.01,False
DL_tfidf_results_2023-04-05-20-06-04,Hypertension,all,0.7409443269908386,0.8830409356725145,0.671250197565987,0.8076923076923077,"Trn,Eval,Ttl=0:00:12.123122,0:00:00.044399,0:00:12.167521",12.167521238327026,50,0.01,False
DL_tfidf_results_2023-04-05-20-06-04,Hypertension,ExtraTreeClassifier,0.5,0.8847184986595173,0.4423592493297587,0.7932692307692307,"Trn,Eval,Ttl=0:00:12.399554,0:00:00.041276,0:00:12.440830",12.440829992294312,50,0.01,False
DL_tfidf_results_2023-04-05-20-06-04,Hypertriglyceridemia,all,0.5223880597014925,0.0,0.4795180722891566,0.9212962962962964,"Trn,Eval,Ttl=0:00:12.518882,0:00:00.032565,0:00:12.551447",12.551446914672852,50,0.01,False
DL_tfidf_results_2023-04-05-20-06-04,Hypertriglyceridemia,ExtraTreeClassifier,0.5,0.0,0.4820143884892086,0.9305555555555556,"Trn,Eval,Ttl=0:00:13.317826,0:00:00.060679,0:00:13.378505",13.378504514694214,50,0.01,False
DL_tfidf_results_2023-04-05-20-06-04,OA,all,0.7558854400959664,0.4109589041095891,0.6435197978761201,0.7952380952380952,"Trn,Eval,Ttl=0:00:12.223456,0:00:00.041413,0:00:12.264870",12.264869689941406,50,0.01,False
DL_tfidf_results_2023-04-05-20-06-04,OA,ExtraTreeClassifier,0.5,0.0,0.4488188976377952,0.8142857142857143,"Trn,Eval,Ttl=0:00:12.329858,0:00:00.031640,0:00:12.361498",12.3614981174469,50,0.01,False
DL_tfidf_results_2023-04-05-20-06-04,OSA,all,0.7943672839506173,0.3999999999999999,0.6569190600522193,0.8493150684931505,"Trn,Eval,Ttl=0:00:12.296938,0:00:00.031917,0:00:12.328855",12.328855037689207,50,0.01,False
DL_tfidf_results_2023-04-05-20-06-04,OSA,ExtraTreeClassifier,0.5,0.0,0.4671532846715328,0.8767123287671232,"Trn,Eval,Ttl=0:00:13.499991,0:00:00.047144,0:00:13.547135",13.5471351146698,50,0.01,False
DL_tfidf_results_2023-04-05-20-06-04,PVD,all,0.8488562091503268,0.5806451612903226,0.7531797235023041,0.8737864077669902,"Trn,Eval,Ttl=0:00:12.814341,0:00:00.031924,0:00:12.846265",12.846264600753784,50,0.01,False
DL_tfidf_results_2023-04-05-20-06-04,PVD,ExtraTreeClassifier,0.5058823529411764,0.0,0.452127659574468,0.8252427184466019,"Trn,Eval,Ttl=0:00:12.580790,0:00:00.043645,0:00:12.624435",12.62443494796753,50,0.01,False
DL_tfidf_results_2023-04-05-20-06-04,Venous Insufficiency,all,0.7130509939498704,0.1904761904761905,0.5716923888669041,0.9109947643979056,"Trn,Eval,Ttl=0:00:11.207557,0:00:00.034644,0:00:11.242201",11.24220085144043,50,0.01,False
DL_tfidf_results_2023-04-05-20-06-04,Venous Insufficiency,ExtraTreeClassifier,0.5,0.0,0.4823848238482385,0.9319371727748692,"Trn,Eval,Ttl=0:00:11.721890,0:00:00.030899,0:00:11.752789",11.75278925895691,50,0.01,False
DL_tfidf_results_2023-04-05-20-06-04,Obesity,all,0.801408581225095,0.6628571428571428,0.709021932424422,0.716346153846154,"Trn,Eval,Ttl=0:00:13.400797,0:00:00.050849,0:00:13.451645",13.451645374298096,50,0.01,False
DL_tfidf_results_2023-04-05-20-06-04,Obesity,ExtraTreeClassifier,0.5,0.0,0.34384858044164035,0.5240384615384616,"Trn,Eval,Ttl=0:00:13.856175,0:00:00.031864,0:00:13.888039",13.888038873672485,50,0.01,False
